path,class_name,class_id
dataset_procesado\cerda_012\20260317_132551_036.jpg,cerda_012,11
dataset_procesado\cerda_002\20260317_133422_083.jpg,cerda_002,1
dataset_procesado\cerda_001\.trashed-1776432377-20260317_132351_036.jpg,cerda_001,0
dataset_procesado\cerda_012\20260317_132551_067.jpg,cerda_012,11
dataset_procesado\cerda_001\.trashed-1776432380-20260317_132351_058.jpg,cerda_001,0
dataset_procesado\cerda_003\20260320_142042_008.jpg,cerda_003,2
dataset_procesado\cerda_012\.trashed-1776432229-20260317_132532_013.jpg,cerda_012,11
dataset_procesado\cerda_002\20260317_133422_019.jpg,cerda_002,1
dataset_procesado\cerda_004\20260320_140720_026.jpg,cerda_004,3
dataset_procesado\cerda_012\20260317_132511_030.jpg,cerda_012,11
dataset_procesado\cerda_007\20260320_141655_015.jpg,cerda_007,6
dataset_procesado\cerda_012\20260401_111041_001.jpg,cerda_012,11
dataset_procesado\cerda_001\20260320_135731_027.jpg,cerda_001,0
dataset_procesado\cerda_001\.trashed-1776432376-20260317_132242_096.jpg,cerda_001,0
dataset_procesado\cerda_006\IMG-20250420-WA0012.jpg,cerda_006,5
dataset_procesado\cerda_003\20260320_141959_041.jpg,cerda_003,2
dataset_procesado\cerda_001\20260317_133413_053.jpg,cerda_001,0
dataset_procesado\cerda_001\20260317_132406_064.jpg,cerda_001,0
dataset_procesado\cerda_012\20260401_111041_027.jpg,cerda_012,11
dataset_procesado\cerda_012\20260317_132546_027.jpg,cerda_012,11
dataset_procesado\cerda_012\20260320_134940_006.jpg,cerda_012,11
dataset_procesado\cerda_012\.trashed-1776432231-20260317_132551_057.jpg,cerda_012,11
dataset_procesado\cerda_012\.trashed-1776432230-20260317_132546_009.jpg,cerda_012,11
dataset_procesado\cerda_012\20260317_132542_024.jpg,cerda_012,11
dataset_procesado\cerda_006\IMG-20250420-WA0022.jpg,cerda_006,5
dataset_procesado\cerda_001\.trashed-1776432379-20260317_132242_068.jpg,cerda_001,0
dataset_procesado\cerda_012\20260317_132511_040.jpg,cerda_012,11
dataset_procesado\cerda_012\.trashed-1776432230-20260317_132532_068.jpg,cerda_012,11
dataset_procesado\cerda_012\.trashed-1776432229-20260317_132532_014.jpg,cerda_012,11
dataset_procesado\cerda_012\.trashed-1776432229-20260317_132551_067.jpg,cerda_012,11
dataset_procesado\cerda_012\.trashed-1776432229-20260317_132500_008.jpg,cerda_012,11
dataset_procesado\cerda_012\.trashed-1776432231-20260317_132546_071.jpg,cerda_012,11
dataset_procesado\cerda_012\20260317_132511_008.jpg,cerda_012,11
dataset_procesado\cerda_007\20260317_134206_057.jpg,cerda_007,6
dataset_procesado\cerda_007\20260320_141655_036.jpg,cerda_007,6
dataset_procesado\cerda_012\20260317_132546_066.jpg,cerda_012,11
dataset_procesado\cerda_012\.trashed-1776432231-20260317_132546_052.jpg,cerda_012,11
dataset_procesado\cerda_002\20260317_133538_021.jpg,cerda_002,1
dataset_procesado\cerda_012\IMG-20250420-WA0178.jpg,cerda_012,11
dataset_procesado\cerda_001\.trashed-1776432380-20260317_132242_042.jpg,cerda_001,0
dataset_procesado\cerda_002\20260317_133428_004.jpg,cerda_002,1
dataset_procesado\cerda_011\20260320_141309_009.jpg,cerda_011,10
dataset_procesado\cerda_012\.trashed-1776432231-20260317_132518_003.jpg,cerda_012,11
dataset_procesado\cerda_002\20260317_133601_022.jpg,cerda_002,1
dataset_procesado\cerda_007\20260320_141655_001.jpg,cerda_007,6
dataset_procesado\cerda_012\20260317_132532_036.jpg,cerda_012,11
dataset_procesado\cerda_001\20260320_135731_002.jpg,cerda_001,0
dataset_procesado\cerda_012\20260401_111041_026.jpg,cerda_012,11
dataset_procesado\cerda_002\20260317_133528_026.jpg,cerda_002,1
dataset_procesado\cerda_001\.trashed-1776432379-20260317_132359_016.jpg,cerda_001,0
dataset_procesado\cerda_003\20260320_141959_035.jpg,cerda_003,2
dataset_procesado\cerda_007\20260317_134123_060.jpg,cerda_007,6
dataset_procesado\cerda_002\20260317_133446_012.jpg,cerda_002,1
dataset_procesado\cerda_004\IMG-20250420-WA0086.jpg,cerda_004,3
dataset_procesado\cerda_012\.trashed-1776432379-20260317_132434_017.jpg,cerda_012,11
dataset_procesado\cerda_012\.trashed-1776432378-20260317_132439_037.jpg,cerda_012,11
dataset_procesado\cerda_002\20260317_133446_006.jpg,cerda_002,1
dataset_procesado\cerda_012\20260320_134930_005.jpg,cerda_012,11
dataset_procesado\cerda_001\.trashed-1776432380-20260317_132340_022.jpg,cerda_001,0
dataset_procesado\cerda_007\20260320_141655_046.jpg,cerda_007,6
dataset_procesado\cerda_011\20260320_141309_006.jpg,cerda_011,10
dataset_procesado\cerda_002\20260317_133435_021.jpg,cerda_002,1
dataset_procesado\cerda_012\20260317_132439_039.jpg,cerda_012,11
dataset_procesado\cerda_007\20260317_134123_020.jpg,cerda_007,6
dataset_procesado\cerda_012\.trashed-1776432231-20260317_132518_018.jpg,cerda_012,11
dataset_procesado\cerda_012\20260317_132439_005.jpg,cerda_012,11
dataset_procesado\cerda_007\20260317_134123_054.jpg,cerda_007,6
dataset_procesado\cerda_005\20250511_104558_023.jpg,cerda_005,4
dataset_procesado\cerda_001\.trashed-1776432380-20260317_132351_068.jpg,cerda_001,0
dataset_procesado\cerda_002\20260317_133422_072.jpg,cerda_002,1
dataset_procesado\cerda_004\IMG-20250420-WA0075.jpg,cerda_004,3
dataset_procesado\cerda_005\20250511_104613_016.jpg,cerda_005,4
dataset_procesado\cerda_001\.trashed-1776432380-20260317_132351_063.jpg,cerda_001,0
dataset_procesado\cerda_001\.trashed-1776432379-20260317_132323_033.jpg,cerda_001,0
dataset_procesado\cerda_001\20260317_133413_057.jpg,cerda_001,0
dataset_procesado\cerda_012\20260320_134840.jpg,cerda_012,11
dataset_procesado\cerda_002\20260317_133435_026.jpg,cerda_002,1
dataset_procesado\cerda_012\.trashed-1776432230-20260317_132532_044.jpg,cerda_012,11
dataset_procesado\cerda_012\20260317_132500_012.jpg,cerda_012,11
dataset_procesado\cerda_001\.trashed-1776432376-20260317_132351_086.jpg,cerda_001,0
dataset_procesado\cerda_001\.trashed-1776432375-20260317_132100_085.jpg,cerda_001,0
dataset_procesado\cerda_005\20250511_104735_048.jpg,cerda_005,4
dataset_procesado\cerda_001\.trashed-1776432375-20260317_132233_013.jpg,cerda_001,0
dataset_procesado\cerda_001\.trashed-1776432379-20260317_132242_089.jpg,cerda_001,0
dataset_procesado\cerda_001\20260317_132406_016.jpg,cerda_001,0
dataset_procesado\cerda_012\20260317_132546_006.jpg,cerda_012,11
dataset_procesado\cerda_002\20260317_133548.jpg,cerda_002,1
dataset_procesado\cerda_003\20260320_141959_024.jpg,cerda_003,2
dataset_procesado\cerda_005\20250511_104558_014.jpg,cerda_005,4
dataset_procesado\cerda_012\IMG-20250420-WA0169.jpg,cerda_012,11
dataset_procesado\cerda_012\20260320_134824.jpg,cerda_012,11
dataset_procesado\cerda_005\20250511_104735_010.jpg,cerda_005,4
dataset_procesado\cerda_012\20260317_132551_052.jpg,cerda_012,11
dataset_procesado\cerda_001\.trashed-1776432380-20260317_132328_085.jpg,cerda_001,0
dataset_procesado\cerda_002\20260317_133601_009.jpg,cerda_002,1
dataset_procesado\cerda_012\.trashed-1776432378-20260317_132439_019.jpg,cerda_012,11
dataset_procesado\cerda_007\20260317_134206_054.jpg,cerda_007,6
dataset_procesado\cerda_006\IMG-20250420-WA0013.jpg,cerda_006,5
dataset_procesado\cerda_012\20260317_132511_041.jpg,cerda_012,11
dataset_procesado\cerda_001\20260317_133413_047.jpg,cerda_001,0
dataset_procesado\cerda_001\.trashed-1776432376-20260317_132242_085.jpg,cerda_001,0
dataset_procesado\cerda_012\20260317_132500_041.jpg,cerda_012,11
dataset_procesado\cerda_001\.trashed-1776432376-20260317_132351_026.jpg,cerda_001,0
dataset_procesado\cerda_012\20260320_134707.jpg,cerda_012,11
dataset_procesado\cerda_001\.trashed-1776432376-20260317_132406_037.jpg,cerda_001,0
dataset_procesado\cerda_012\20260317_132511_014.jpg,cerda_012,11
dataset_procesado\cerda_001\20260317_133413_075.jpg,cerda_001,0
dataset_procesado\cerda_007\20260320_141655_033.jpg,cerda_007,6
dataset_procesado\cerda_001\.trashed-1776432379-20260317_132242_081.jpg,cerda_001,0
dataset_procesado\cerda_001\20260317_132406_006.jpg,cerda_001,0
dataset_procesado\cerda_001\.trashed-1776432379-20260317_132359_012.jpg,cerda_001,0
dataset_procesado\cerda_012\.trashed-1776432381-20260317_132511_054.jpg,cerda_012,11
dataset_procesado\cerda_012\20260317_132532_044.jpg,cerda_012,11
dataset_procesado\cerda_010\20260320_140122.jpg,cerda_010,9
dataset_procesado\cerda_012\20260317_132511_037.jpg,cerda_012,11
dataset_procesado\cerda_012\20260317_132546_015.jpg,cerda_012,11
dataset_procesado\cerda_012\20260317_132511_052.jpg,cerda_012,11
dataset_procesado\cerda_002\20260317_133536.jpg,cerda_002,1
dataset_procesado\cerda_008\20260320_142305.jpg,cerda_008,7
dataset_procesado\cerda_012\20260320_134916_020.jpg,cerda_012,11
dataset_procesado\cerda_004\IMG-20250420-WA0065.jpg,cerda_004,3
dataset_procesado\cerda_012\20260317_132439_024.jpg,cerda_012,11
dataset_procesado\cerda_003\20260320_141916.jpg,cerda_003,2
dataset_procesado\cerda_012\20260317_132532_052.jpg,cerda_012,11
dataset_procesado\cerda_001\.trashed-1776432380-20260317_132406_054.jpg,cerda_001,0
dataset_procesado\cerda_007\20260320_141522.jpg,cerda_007,6
dataset_procesado\cerda_012\.trashed-1776432378-20260317_132439_044.jpg,cerda_012,11
dataset_procesado\cerda_007\20260317_134123_046.jpg,cerda_007,6
dataset_procesado\cerda_001\20260317_133413_037.jpg,cerda_001,0
dataset_procesado\cerda_005\20250511_104602_013.jpg,cerda_005,4
dataset_procesado\cerda_002\20260317_133446_039.jpg,cerda_002,1
dataset_procesado\cerda_012\20260320_134916_021.jpg,cerda_012,11
dataset_procesado\cerda_002\20260317_133428_008.jpg,cerda_002,1
dataset_procesado\cerda_012\.trashed-1776432231-20260317_132551_025.jpg,cerda_012,11
dataset_procesado\cerda_003\20260320_141959_009.jpg,cerda_003,2
dataset_procesado\cerda_003\20260320_142032_007.jpg,cerda_003,2
dataset_procesado\cerda_001\20260317_133413_062.jpg,cerda_001,0
dataset_procesado\cerda_002\20260317_133428_022.jpg,cerda_002,1
dataset_procesado\cerda_012\.trashed-1776432375-20260317_132434_011.jpg,cerda_012,11
dataset_procesado\cerda_012\20260317_132447_033.jpg,cerda_012,11
dataset_procesado\cerda_001\20260317_133413_035.jpg,cerda_001,0
dataset_procesado\cerda_012\20260317_132551_032.jpg,cerda_012,11
dataset_procesado\cerda_004\IMG-20250420-WA0064.jpg,cerda_004,3
dataset_procesado\cerda_007\20260317_134123_021.jpg,cerda_007,6
dataset_procesado\cerda_007\20260320_141703_030.jpg,cerda_007,6
dataset_procesado\cerda_001\20260317_133413_064.jpg,cerda_001,0
dataset_procesado\cerda_007\20260317_134206_068.jpg,cerda_007,6
dataset_procesado\cerda_012\20260317_132511_039.jpg,cerda_012,11
dataset_procesado\cerda_002\20260317_133422_041.jpg,cerda_002,1
dataset_procesado\cerda_001\.trashed-1776432380-20260317_132406_047.jpg,cerda_001,0
dataset_procesado\cerda_012\.trashed-1776432231-20260317_132532_083.jpg,cerda_012,11
dataset_procesado\cerda_012\20260401_111135.jpg,cerda_012,11
dataset_procesado\cerda_001\20260317_132406_015.jpg,cerda_001,0
dataset_procesado\cerda_001\.trashed-1776432376-20260317_132242_030.jpg,cerda_001,0
dataset_procesado\cerda_001\20260320_135731_020.jpg,cerda_001,0
dataset_procesado\cerda_012\20260317_132546_065.jpg,cerda_012,11
dataset_procesado\cerda_006\IMG-20250420-WA0036.jpg,cerda_006,5
dataset_procesado\cerda_001\.trashed-1776432376-20260317_132359_001.jpg,cerda_001,0
dataset_procesado\cerda_003\20260320_142032_009.jpg,cerda_003,2
dataset_procesado\cerda_004\IMG-20250420-WA0060.jpg,cerda_004,3
dataset_procesado\cerda_002\20260317_133446_010.jpg,cerda_002,1
dataset_procesado\cerda_007\20260320_141655_050.jpg,cerda_007,6
dataset_procesado\cerda_001\20260401_111332_010.jpg,cerda_001,0
dataset_procesado\cerda_001\.trashed-1776432380-20260317_132340_085.jpg,cerda_001,0
dataset_procesado\cerda_012\.trashed-1776432381-20260317_132511_035.jpg,cerda_012,11
dataset_procesado\cerda_004\20260320_140720_016.jpg,cerda_004,3
dataset_procesado\cerda_012\.trashed-1776432230-20260317_132546_012.jpg,cerda_012,11
dataset_procesado\cerda_002\20260317_133428_003.jpg,cerda_002,1
dataset_procesado\cerda_011\20260320_141309_002.jpg,cerda_011,10
dataset_procesado\cerda_012\.trashed-1776432228-20260317_132500_057.jpg,cerda_012,11
dataset_procesado\cerda_012\IMG-20250420-WA0141.jpg,cerda_012,11
dataset_procesado\cerda_002\20260317_133538_004.jpg,cerda_002,1
dataset_procesado\cerda_005\20250511_104602_042.jpg,cerda_005,4
dataset_procesado\cerda_001\.trashed-1776432377-20260317_132359_040.jpg,cerda_001,0
dataset_procesado\cerda_001\20260401_111337_014.jpg,cerda_001,0
dataset_procesado\cerda_012\.trashed-1776432378-20260317_132457_001.jpg,cerda_012,11
dataset_procesado\cerda_012\.trashed-1776432230-20260317_132546_025.jpg,cerda_012,11
dataset_procesado\cerda_007\20260317_134206_083.jpg,cerda_007,6
dataset_procesado\cerda_001\.trashed-1776432375-20260317_132328_044.jpg,cerda_001,0
dataset_procesado\cerda_001\.trashed-1776432378-20260317_132340_094.jpg,cerda_001,0
dataset_procesado\cerda_012\.trashed-1776432375-20260317_132434_041.jpg,cerda_012,11
dataset_procesado\cerda_001\.trashed-1776432379-20260317_132351_082.jpg,cerda_001,0
dataset_procesado\cerda_012\.trashed-1776432378-20260317_132447_003.jpg,cerda_012,11
dataset_procesado\cerda_002\20260317_133601_039.jpg,cerda_002,1
dataset_procesado\cerda_012\20260317_132500_062.jpg,cerda_012,11
dataset_procesado\cerda_003\20260317_133831_001.jpg,cerda_003,2
dataset_procesado\cerda_001\.trashed-1776432379-20260317_132242_079.jpg,cerda_001,0
dataset_procesado\cerda_001\.trashed-1776432380-20260317_132340_025.jpg,cerda_001,0
dataset_procesado\cerda_001\.trashed-1776432375-20260317_132100_079.jpg,cerda_001,0
dataset_procesado\cerda_012\20260320_134909_001.jpg,cerda_012,11
dataset_procesado\cerda_012\20260317_132546_046.jpg,cerda_012,11
dataset_procesado\cerda_004\20260320_140720_004.jpg,cerda_004,3
dataset_procesado\cerda_005\20250511_104602_045.jpg,cerda_005,4
dataset_procesado\cerda_012\20260317_132439_021.jpg,cerda_012,11
dataset_procesado\cerda_002\20260317_133446_013.jpg,cerda_002,1
dataset_procesado\cerda_012\.trashed-1776432375-20260317_132511_015.jpg,cerda_012,11
dataset_procesado\cerda_001\20260317_133413_020.jpg,cerda_001,0
dataset_procesado\cerda_012\.trashed-1776432379-20260317_132439_027.jpg,cerda_012,11
dataset_procesado\cerda_001\.trashed-1776432380-20260317_132359_034.jpg,cerda_001,0
dataset_procesado\cerda_005\20250511_104735_033.jpg,cerda_005,4
dataset_procesado\cerda_007\20260320_141655_039.jpg,cerda_007,6
dataset_procesado\cerda_008\20260320_142335_022.jpg,cerda_008,7
dataset_procesado\cerda_012\20260320_134730.jpg,cerda_012,11
dataset_procesado\cerda_002\20260317_133538_026.jpg,cerda_002,1
dataset_procesado\cerda_001\.trashed-1776432375-20260317_132100_073.jpg,cerda_001,0
dataset_procesado\cerda_012\.trashed-1776432377-20260317_131519.jpg,cerda_012,11
dataset_procesado\cerda_012\20260317_132532_071.jpg,cerda_012,11
dataset_procesado\cerda_001\.trashed-1776432375-20260317_132233_037.jpg,cerda_001,0
dataset_procesado\cerda_001\20260317_133413_046.jpg,cerda_001,0
dataset_procesado\cerda_012\20260317_132546_074.jpg,cerda_012,11
dataset_procesado\cerda_012\20260320_134916_010.jpg,cerda_012,11
dataset_procesado\cerda_012\.trashed-1776432375-20260317_132447_053.jpg,cerda_012,11
dataset_procesado\cerda_002\20260317_133446_015.jpg,cerda_002,1
dataset_procesado\cerda_001\.trashed-1776432377-20260317_132359_052.jpg,cerda_001,0
dataset_procesado\cerda_012\.trashed-1776432230-20260317_132500_025.jpg,cerda_012,11
dataset_procesado\cerda_012\.trashed-1776432231-20260317_132551_056.jpg,cerda_012,11
dataset_procesado\cerda_012\20260401_111117.jpg,cerda_012,11
dataset_procesado\cerda_004\20260320_140720_019.jpg,cerda_004,3
dataset_procesado\cerda_012\20260317_132434_003.jpg,cerda_012,11
dataset_procesado\cerda_005\20250511_104602_009.jpg,cerda_005,4
dataset_procesado\cerda_012\.trashed-1776432230-20260317_132546_006.jpg,cerda_012,11
dataset_procesado\cerda_007\20260317_134206_074.jpg,cerda_007,6
dataset_procesado\cerda_005\20250511_104602_014.jpg,cerda_005,4
dataset_procesado\cerda_007\20260320_141638.jpg,cerda_007,6
dataset_procesado\cerda_002\20260317_133454.jpg,cerda_002,1
dataset_procesado\cerda_001\.trashed-1776432376-20260317_132242_008.jpg,cerda_001,0
dataset_procesado\cerda_012\.trashed-1776432230-20260317_132546_020.jpg,cerda_012,11
dataset_procesado\cerda_012\.trashed-1776432229-20260317_132532_018.jpg,cerda_012,11
dataset_procesado\cerda_012\20260317_132500_022.jpg,cerda_012,11
dataset_procesado\cerda_012\20260320_134930_021.jpg,cerda_012,11
dataset_procesado\cerda_007\20260317_134206_060.jpg,cerda_007,6
dataset_procesado\cerda_001\.trashed-1776432379-20260317_132359_027.jpg,cerda_001,0
dataset_procesado\cerda_012\.trashed-1776432229-20260317_132518_016.jpg,cerda_012,11
dataset_procesado\cerda_012\20260317_132542_021.jpg,cerda_012,11
dataset_procesado\cerda_001\.trashed-1776432376-20260317_132351_049.jpg,cerda_001,0
dataset_procesado\cerda_002\20260317_133446_032.jpg,cerda_002,1
dataset_procesado\cerda_001\20260317_132406_065.jpg,cerda_001,0
dataset_procesado\cerda_001\20260317_132406_030.jpg,cerda_001,0
dataset_procesado\cerda_001\.trashed-1776432379-20260317_132351_095.jpg,cerda_001,0
dataset_procesado\cerda_003\20260317_133850_001.jpg,cerda_003,2
dataset_procesado\cerda_012\.trashed-1776432375-20260317_132511_050.jpg,cerda_012,11
dataset_procesado\cerda_007\20260320_141703_023.jpg,cerda_007,6
dataset_procesado\cerda_007\20260320_141655_018.jpg,cerda_007,6
dataset_procesado\cerda_012\20260320_134916_008.jpg,cerda_012,11
dataset_procesado\cerda_012\20260317_132546_077.jpg,cerda_012,11
dataset_procesado\cerda_012\20260320_135012.jpg,cerda_012,11
dataset_procesado\cerda_007\20260320_141655_017.jpg,cerda_007,6
dataset_procesado\cerda_002\20260317_133601_033.jpg,cerda_002,1
dataset_procesado\cerda_005\20250511_104558_035.jpg,cerda_005,4
dataset_procesado\cerda_002\20260317_133428_051.jpg,cerda_002,1
dataset_procesado\cerda_012\.trashed-1776432231-20260317_132551_020.jpg,cerda_012,11
dataset_procesado\cerda_002\20260317_133422_065.jpg,cerda_002,1
dataset_procesado\cerda_012\20260320_134916_025.jpg,cerda_012,11
dataset_procesado\cerda_003\20260320_142032_003.jpg,cerda_003,2
dataset_procesado\cerda_012\.trashed-1776432229-20260317_132500_002.jpg,cerda_012,11
dataset_procesado\cerda_001\20260320_135731_036.jpg,cerda_001,0
dataset_procesado\cerda_009\20260320_140301.jpg,cerda_009,8
dataset_procesado\cerda_012\.trashed-1776432231-20260317_132551_012.jpg,cerda_012,11
dataset_procesado\cerda_012\20260320_134916_002.jpg,cerda_012,11
dataset_procesado\cerda_007\20260317_134123_013.jpg,cerda_007,6
dataset_procesado\cerda_002\20260317_133446_014.jpg,cerda_002,1
dataset_procesado\cerda_012\20260317_132434_019.jpg,cerda_012,11
dataset_procesado\cerda_001\.trashed-1776432376-20260317_132406_063.jpg,cerda_001,0
dataset_procesado\cerda_012\.trashed-1776432230-20260317_132500_018.jpg,cerda_012,11
dataset_procesado\cerda_012\.trashed-1776432230-20260317_132542_022.jpg,cerda_012,11
dataset_procesado\cerda_012\20260317_132500_053.jpg,cerda_012,11
dataset_procesado\cerda_008\20260320_142338_010.jpg,cerda_008,7
dataset_procesado\cerda_012\20260401_111128.jpg,cerda_012,11
dataset_procesado\cerda_001\.trashed-1776432378-20260317_132100_016.jpg,cerda_001,0
dataset_procesado\cerda_012\.trashed-1776432375-20260317_132434_043.jpg,cerda_012,11
dataset_procesado\cerda_002\20260317_133435_025.jpg,cerda_002,1
dataset_procesado\cerda_012\20260401_111041_004.jpg,cerda_012,11
dataset_procesado\cerda_001\.trashed-1776432375-20260317_132100_074.jpg,cerda_001,0
dataset_procesado\cerda_012\20260401_111041_008.jpg,cerda_012,11
dataset_procesado\cerda_001\.trashed-1776432377-20260317_132340_072.jpg,cerda_001,0
dataset_procesado\cerda_012\.trashed-1776432229-20260317_132551_069.jpg,cerda_012,11
dataset_procesado\cerda_004\20260320_140720_017.jpg,cerda_004,3
dataset_procesado\cerda_004\IMG-20250420-WA0054.jpg,cerda_004,3
dataset_procesado\cerda_001\20260317_133413_021.jpg,cerda_001,0
dataset_procesado\cerda_012\.trashed-1776432231-20260317_132551_018.jpg,cerda_012,11
dataset_procesado\cerda_001\.trashed-1776432379-20260317_132242_094.jpg,cerda_001,0
dataset_procesado\cerda_001\.trashed-1776432376-20260317_132351_084.jpg,cerda_001,0
dataset_procesado\cerda_005\20250511_104602_040.jpg,cerda_005,4
dataset_procesado\cerda_002\20260317_133422_074.jpg,cerda_002,1
dataset_procesado\cerda_002\20260317_133528_002.jpg,cerda_002,1
dataset_procesado\cerda_001\.trashed-1776432375-20260317_132100_070.jpg,cerda_001,0
dataset_procesado\cerda_010\20260320_141054.jpg,cerda_010,9
dataset_procesado\cerda_005\20250511_104735_001.jpg,cerda_005,4
dataset_procesado\cerda_001\.trashed-1776432378-20260317_132233_033.jpg,cerda_001,0
dataset_procesado\cerda_003\20260317_133908_001.jpg,cerda_003,2
dataset_procesado\cerda_007\20260317_134123_072.jpg,cerda_007,6
dataset_procesado\cerda_001\.trashed-1776432376-20260317_132323_009.jpg,cerda_001,0
dataset_procesado\cerda_001\20260320_135731_026.jpg,cerda_001,0
dataset_procesado\cerda_012\.trashed-1776432379-20260317_132439_015.jpg,cerda_012,11
dataset_procesado\cerda_001\.trashed-1776432377-20260317_132351_011.jpg,cerda_001,0
dataset_procesado\cerda_012\.trashed-1776432230-20260317_132532_058.jpg,cerda_012,11
dataset_procesado\cerda_001\.trashed-1776432380-20260317_132340_029.jpg,cerda_001,0
dataset_procesado\cerda_001\20260317_132406_036.jpg,cerda_001,0
dataset_procesado\cerda_012\.trashed-1776432229-20260317_132542_017.jpg,cerda_012,11
dataset_procesado\cerda_012\20260320_134930_007.jpg,cerda_012,11
dataset_procesado\cerda_001\.trashed-1776432379-20260317_132406_040.jpg,cerda_001,0
dataset_procesado\cerda_012\.trashed-1776432375-20260317_132511_008.jpg,cerda_012,11
dataset_procesado\cerda_012\20260317_132500_056.jpg,cerda_012,11
dataset_procesado\cerda_001\.trashed-1776432375-20260317_132323_029.jpg,cerda_001,0
dataset_procesado\cerda_012\.trashed-1776432230-20260317_132500_059.jpg,cerda_012,11
dataset_procesado\cerda_002\20260317_133538_009.jpg,cerda_002,1
dataset_procesado\cerda_002\20260317_133601_017.jpg,cerda_002,1
dataset_procesado\cerda_012\.trashed-1776432377-20260317_131543.jpg,cerda_012,11
dataset_procesado\cerda_003\20260320_142035.jpg,cerda_003,2
dataset_procesado\cerda_005\20250511_104602_035.jpg,cerda_005,4
dataset_procesado\cerda_002\20260317_133435_020.jpg,cerda_002,1
dataset_procesado\cerda_001\20260317_133413_006.jpg,cerda_001,0
dataset_procesado\cerda_001\.trashed-1776432377-20260317_132406_065.jpg,cerda_001,0
dataset_procesado\cerda_012\20260317_132518_008.jpg,cerda_012,11
dataset_procesado\cerda_012\20260317_132546_068.jpg,cerda_012,11
dataset_procesado\cerda_001\.trashed-1776432377-20260317_132340_045.jpg,cerda_001,0
dataset_procesado\cerda_001\.trashed-1776432375-20260317_132233_022.jpg,cerda_001,0
dataset_procesado\cerda_001\.trashed-1776432380-20260317_132242_043.jpg,cerda_001,0
dataset_procesado\cerda_003\20260317_133857_001.jpg,cerda_003,2
dataset_procesado\cerda_004\IMG-20250420-WA0080.jpg,cerda_004,3
dataset_procesado\cerda_012\.trashed-1776432230-20260317_132500_047.jpg,cerda_012,11
dataset_procesado\cerda_002\20260317_133534.jpg,cerda_002,1
dataset_procesado\cerda_012\.trashed-1776432231-20260317_132551_034.jpg,cerda_012,11
dataset_procesado\cerda_002\20260317_133601_025.jpg,cerda_002,1
dataset_procesado\cerda_002\20260317_133615_001.jpg,cerda_002,1
dataset_procesado\cerda_012\20260320_135014.jpg,cerda_012,11
dataset_procesado\cerda_001\20260317_133413_060.jpg,cerda_001,0
dataset_procesado\cerda_002\20260317_133422_036.jpg,cerda_002,1
dataset_procesado\cerda_001\.trashed-1776432378-20260317_132340_032.jpg,cerda_001,0
dataset_procesado\cerda_012\.trashed-1776432228-20260317_132542_027.jpg,cerda_012,11
dataset_procesado\cerda_012\IMG-20250420-WA0171.jpg,cerda_012,11
dataset_procesado\cerda_001\.trashed-1776432379-20260317_132323_031.jpg,cerda_001,0
dataset_procesado\cerda_002\20260317_133446_017.jpg,cerda_002,1
dataset_procesado\cerda_002\20260317_133528_006.jpg,cerda_002,1
dataset_procesado\cerda_005\20250511_104735_043.jpg,cerda_005,4
dataset_procesado\cerda_004\20260320_140737.jpg,cerda_004,3
dataset_procesado\cerda_002\20260317_133422_055.jpg,cerda_002,1
dataset_procesado\cerda_002\20260317_133542_018.jpg,cerda_002,1
dataset_procesado\cerda_005\20250511_104606.jpg,cerda_005,4
dataset_procesado\cerda_008\20260320_142335_011.jpg,cerda_008,7
dataset_procesado\cerda_001\20260317_133413_033.jpg,cerda_001,0
dataset_procesado\cerda_012\20260317_132551_026.jpg,cerda_012,11
dataset_procesado\cerda_012\20260317_132447_008.jpg,cerda_012,11
dataset_procesado\cerda_007\20260320_141535.jpg,cerda_007,6
dataset_procesado\cerda_012\.trashed-1776432378-20260317_132447_034.jpg,cerda_012,11
dataset_procesado\cerda_012\.trashed-1776432231-20260317_132532_034.jpg,cerda_012,11
dataset_procesado\cerda_012\.trashed-1776432374-20260317_132511_001.jpg,cerda_012,11
dataset_procesado\cerda_001\.trashed-1776432376-20260317_132406_009.jpg,cerda_001,0
dataset_procesado\cerda_007\20260317_134357.jpg,cerda_007,6
dataset_procesado\cerda_001\20260401_111329.jpg,cerda_001,0
dataset_procesado\cerda_003\20260320_141921.jpg,cerda_003,2
dataset_procesado\cerda_006\IMG-20250420-WA0015.jpg,cerda_006,5
dataset_procesado\cerda_001\.trashed-1776432378-20260317_132328_020.jpg,cerda_001,0
dataset_procesado\cerda_012\.trashed-1776432378-20260317_132447_042.jpg,cerda_012,11
dataset_procesado\cerda_001\20260317_132406_023.jpg,cerda_001,0
dataset_procesado\cerda_004\IMG-20250420-WA0071.jpg,cerda_004,3
dataset_procesado\cerda_001\.trashed-1776432376-20260317_132323_005.jpg,cerda_001,0
dataset_procesado\cerda_012\.trashed-1776432379-20260317_132439_016.jpg,cerda_012,11
dataset_procesado\cerda_001\.trashed-1776432380-20260317_132242_039.jpg,cerda_001,0
dataset_procesado\cerda_001\.trashed-1776432376-20260317_132100_052.jpg,cerda_001,0
dataset_procesado\cerda_002\20260317_133435_015.jpg,cerda_002,1
dataset_procesado\cerda_005\20250511_104602_041.jpg,cerda_005,4
dataset_procesado\cerda_012\.trashed-1776432375-20260317_132447_039.jpg,cerda_012,11
dataset_procesado\cerda_001\.trashed-1776432379-20260317_132406.jpg,cerda_001,0
dataset_procesado\cerda_002\20260317_133428_002.jpg,cerda_002,1
dataset_procesado\cerda_001\.trashed-1776432380-20260317_132242_031.jpg,cerda_001,0
dataset_procesado\cerda_012\.trashed-1776432378-20260317_132447_007.jpg,cerda_012,11
dataset_procesado\cerda_002\20260317_133428_028.jpg,cerda_002,1
dataset_procesado\cerda_001\.trashed-1776432379-20260317_132242_086.jpg,cerda_001,0
dataset_procesado\cerda_012\20260317_132551_049.jpg,cerda_012,11
dataset_procesado\cerda_012\.trashed-1776432375-20260317_132511_029.jpg,cerda_012,11
dataset_procesado\cerda_012\.trashed-1776432231-20260317_132546_074.jpg,cerda_012,11
dataset_procesado\cerda_012\20260317_132551_014.jpg,cerda_012,11
dataset_procesado\cerda_001\.trashed-1776432377-20260317_132328_064.jpg,cerda_001,0
dataset_procesado\cerda_011\20260320_141309_010.jpg,cerda_011,10
dataset_procesado\cerda_007\20260317_134206_093.jpg,cerda_007,6
dataset_procesado\cerda_002\20260317_133422_085.jpg,cerda_002,1
dataset_procesado\cerda_001\.trashed-1776432380-20260317_132340_040.jpg,cerda_001,0
dataset_procesado\cerda_012\.trashed-1776432381-20260317_132447_006.jpg,cerda_012,11
dataset_procesado\cerda_002\20260317_133639.jpg,cerda_002,1
dataset_procesado\cerda_001\20260317_132406_019.jpg,cerda_001,0
dataset_procesado\cerda_012\.trashed-1776432231-20260317_132551_023.jpg,cerda_012,11
dataset_procesado\cerda_012\20260401_111041_022.jpg,cerda_012,11
dataset_procesado\cerda_007\20260320_141703_033.jpg,cerda_007,6
dataset_procesado\cerda_002\20260317_133446_004.jpg,cerda_002,1
dataset_procesado\cerda_012\.trashed-1776432231-20260317_132518_006.jpg,cerda_012,11
dataset_procesado\cerda_007\20260317_134206_044.jpg,cerda_007,6
dataset_procesado\cerda_012\.trashed-1776432231-20260317_132546_033.jpg,cerda_012,11
dataset_procesado\cerda_007\20260317_134206_091.jpg,cerda_007,6
dataset_procesado\cerda_001\.trashed-1776432375-20260317_132233_023.jpg,cerda_001,0
dataset_procesado\cerda_001\.trashed-1776432380-20260317_132242_020.jpg,cerda_001,0
dataset_procesado\cerda_001\.trashed-1776432380-20260317_132351_069.jpg,cerda_001,0
dataset_procesado\cerda_001\.trashed-1776432377-20260317_132351_085.jpg,cerda_001,0
dataset_procesado\cerda_012\20260317_132551_072.jpg,cerda_012,11
dataset_procesado\cerda_012\20260317_132551_016.jpg,cerda_012,11
dataset_procesado\cerda_002\20260317_133422_039.jpg,cerda_002,1
dataset_procesado\cerda_003\20260320_142040.jpg,cerda_003,2
dataset_procesado\cerda_012\20260317_132551_034.jpg,cerda_012,11
dataset_procesado\cerda_012\20260317_132447_045.jpg,cerda_012,11
dataset_procesado\cerda_007\20260320_141703_011.jpg,cerda_007,6
dataset_procesado\cerda_002\20260317_133528_027.jpg,cerda_002,1
dataset_procesado\cerda_012\20260317_132532_013.jpg,cerda_012,11
dataset_procesado\cerda_005\20250511_104558_004.jpg,cerda_005,4
dataset_procesado\cerda_002\20260317_133446_019.jpg,cerda_002,1
dataset_procesado\cerda_007\20260320_141703_010.jpg,cerda_007,6
dataset_procesado\cerda_012\20260320_134916_005.jpg,cerda_012,11
dataset_procesado\cerda_012\20260401_111130.jpg,cerda_012,11
dataset_procesado\cerda_003\20260320_141959_021.jpg,cerda_003,2
dataset_procesado\cerda_001\.trashed-1776432380-20260317_132340_028.jpg,cerda_001,0
dataset_procesado\cerda_001\.trashed-1776432380-20260317_132351_067.jpg,cerda_001,0
dataset_procesado\cerda_012\20260401_111134.jpg,cerda_012,11
dataset_procesado\cerda_005\20250511_104735_021.jpg,cerda_005,4
dataset_procesado\cerda_001\.trashed-1776432376-20260317_132323_016.jpg,cerda_001,0
dataset_procesado\cerda_012\20260320_134916_015.jpg,cerda_012,11
dataset_procesado\cerda_012\20260317_132546_067.jpg,cerda_012,11
dataset_procesado\cerda_007\20260317_134206_061.jpg,cerda_007,6
dataset_procesado\cerda_012\IMG-20250420-WA0146.jpg,cerda_012,11
dataset_procesado\cerda_007\20260317_134206_033.jpg,cerda_007,6
dataset_procesado\cerda_012\20260320_134909_014.jpg,cerda_012,11
dataset_procesado\cerda_012\20260317_132546_037.jpg,cerda_012,11
dataset_procesado\cerda_003\20260320_142021.jpg,cerda_003,2
dataset_procesado\cerda_001\.trashed-1776432376-20260317_132359_006.jpg,cerda_001,0
dataset_procesado\cerda_008\20260320_142304.jpg,cerda_008,7
dataset_procesado\cerda_008\20260320_142338_015.jpg,cerda_008,7
dataset_procesado\cerda_002\20260317_133458_008.jpg,cerda_002,1
dataset_procesado\cerda_001\.trashed-1776432380-20260317_132242_028.jpg,cerda_001,0
dataset_procesado\cerda_007\20260320_141655_022.jpg,cerda_007,6
dataset_procesado\cerda_002\20260317_133538_022.jpg,cerda_002,1
dataset_procesado\cerda_012\20260317_132511_051.jpg,cerda_012,11
dataset_procesado\cerda_005\20250511_104558_013.jpg,cerda_005,4
dataset_procesado\cerda_001\.trashed-1776432379-20260317_132242_048.jpg,cerda_001,0
dataset_procesado\cerda_012\20260320_134930_025.jpg,cerda_012,11
dataset_procesado\cerda_007\20260317_134206_040.jpg,cerda_007,6
dataset_procesado\cerda_002\20260317_133626_002.jpg,cerda_002,1
dataset_procesado\cerda_002\20260317_133435_024.jpg,cerda_002,1
dataset_procesado\cerda_001\20260317_133413_040.jpg,cerda_001,0
dataset_procesado\cerda_001\.trashed-1776432375-20260317_132328_042.jpg,cerda_001,0
dataset_procesado\cerda_002\20260317_133601_038.jpg,cerda_002,1
dataset_procesado\cerda_001\.trashed-1776432377-20260317_132351_066.jpg,cerda_001,0
dataset_procesado\cerda_003\20260320_141959_026.jpg,cerda_003,2
dataset_procesado\cerda_012\20260320_134930_022.jpg,cerda_012,11
dataset_procesado\cerda_012\.trashed-1776432231-20260317_132518_011.jpg,cerda_012,11
dataset_procesado\cerda_007\20260317_134206_036.jpg,cerda_007,6
dataset_procesado\cerda_002\20260317_133508.jpg,cerda_002,1
dataset_procesado\cerda_012\20260320_134916_019.jpg,cerda_012,11
dataset_procesado\cerda_007\20260317_134206_047.jpg,cerda_007,6
dataset_procesado\cerda_003\20260317_133652_001.jpg,cerda_003,2
dataset_procesado\cerda_012\.trashed-1776432229-20260317_132500_069.jpg,cerda_012,11
dataset_procesado\cerda_001\.trashed-1776432379-20260317_132242_077.jpg,cerda_001,0
dataset_procesado\cerda_012\.trashed-1776432230-20260317_132500_030.jpg,cerda_012,11
dataset_procesado\cerda_001\20260317_133413_042.jpg,cerda_001,0
dataset_procesado\cerda_005\20250511_104613_014.jpg,cerda_005,4
dataset_procesado\cerda_008\20260320_142338_017.jpg,cerda_008,7
dataset_procesado\cerda_007\20260317_134123_022.jpg,cerda_007,6
dataset_procesado\cerda_001\.trashed-1776432380-20260317_132340_081.jpg,cerda_001,0
dataset_procesado\cerda_012\20260317_132434_042.jpg,cerda_012,11
dataset_procesado\cerda_001\.trashed-1776432380-20260317_132340_027.jpg,cerda_001,0
dataset_procesado\cerda_012\.trashed-1776432377-20260317_131452.jpg,cerda_012,11
dataset_procesado\cerda_002\20260317_133528_016.jpg,cerda_002,1
dataset_procesado\cerda_005\20250511_104602_036.jpg,cerda_005,4
dataset_procesado\cerda_001\20260317_133413_080.jpg,cerda_001,0
dataset_procesado\cerda_003\20260320_142027.jpg,cerda_003,2
dataset_procesado\cerda_012\20260317_132542_004.jpg,cerda_012,11
dataset_procesado\cerda_001\20260320_140925.jpg,cerda_001,0
dataset_procesado\cerda_012\20260317_132447_038.jpg,cerda_012,11
dataset_procesado\cerda_001\.trashed-1776432376-20260317_132359_022.jpg,cerda_001,0
dataset_procesado\cerda_001\.trashed-1776432380-20260317_132359_041.jpg,cerda_001,0
dataset_procesado\cerda_012\20260317_132500_007.jpg,cerda_012,11
dataset_procesado\cerda_012\IMG-20250420-WA0173.jpg,cerda_012,11
dataset_procesado\cerda_003\20260320_141959_040.jpg,cerda_003,2
dataset_procesado\cerda_002\20260317_133422_081.jpg,cerda_002,1
dataset_procesado\cerda_012\20260317_132439_017.jpg,cerda_012,11
dataset_procesado\cerda_012\20260317_132532_078.jpg,cerda_012,11
dataset_procesado\cerda_007\20260320_141703_029.jpg,cerda_007,6
dataset_procesado\cerda_012\.trashed-1776432229-20260317_132532_017.jpg,cerda_012,11
dataset_procesado\cerda_001\.trashed-1776432378-20260317_132100_013.jpg,cerda_001,0
dataset_procesado\cerda_008\20260320_142318.jpg,cerda_008,7
dataset_procesado\cerda_001\20260317_132406_048.jpg,cerda_001,0
dataset_procesado\cerda_002\20260317_133637.jpg,cerda_002,1
dataset_procesado\cerda_001\20260317_133413_018.jpg,cerda_001,0
dataset_procesado\cerda_007\20260317_134123_006.jpg,cerda_007,6
dataset_procesado\cerda_012\20260317_132551_013.jpg,cerda_012,11
dataset_procesado\cerda_001\.trashed-1776432379-20260317_132242_100.jpg,cerda_001,0
dataset_procesado\cerda_002\20260317_133538_007.jpg,cerda_002,1
dataset_procesado\cerda_012\20260317_132551_002.jpg,cerda_012,11
dataset_procesado\cerda_002\20260317_133538_029.jpg,cerda_002,1
dataset_procesado\cerda_003\20260320_141959_027.jpg,cerda_003,2
dataset_procesado\cerda_001\.trashed-1776432375-20260317_132100_087.jpg,cerda_001,0
dataset_procesado\cerda_007\20260317_134359.jpg,cerda_007,6
dataset_procesado\cerda_006\IMG-20250420-WA0031.jpg,cerda_006,5
dataset_procesado\cerda_012\20260317_132551_024.jpg,cerda_012,11
dataset_procesado\cerda_002\20260317_133435_007.jpg,cerda_002,1
dataset_procesado\cerda_012\20260317_132551_070.jpg,cerda_012,11
dataset_procesado\cerda_012\20260317_132511_002.jpg,cerda_012,11
dataset_procesado\cerda_012\20260317_132434_063.jpg,cerda_012,11
dataset_procesado\cerda_012\20260317_132511_054.jpg,cerda_012,11
dataset_procesado\cerda_007\20260317_134123_043.jpg,cerda_007,6
dataset_procesado\cerda_005\20250511_104558_017.jpg,cerda_005,4
dataset_procesado\cerda_001\.trashed-1776432380-20260317_132406_027.jpg,cerda_001,0
dataset_procesado\cerda_012\.trashed-1776432230-20260317_132546_005.jpg,cerda_012,11
dataset_procesado\cerda_001\.trashed-1776432376-20260317_132351_018.jpg,cerda_001,0
dataset_procesado\cerda_012\.trashed-1776432378-20260317_132511_024.jpg,cerda_012,11
dataset_procesado\cerda_012\.trashed-1776432379-20260317_132434_020.jpg,cerda_012,11
dataset_procesado\cerda_012\20260317_132447_010.jpg,cerda_012,11
dataset_procesado\cerda_012\20260320_134930_003.jpg,cerda_012,11
dataset_procesado\cerda_007\20260317_134123_052.jpg,cerda_007,6
dataset_procesado\cerda_003\20260317_133821_001.jpg,cerda_003,2
dataset_procesado\cerda_005\20250511_104735_038.jpg,cerda_005,4
dataset_procesado\cerda_001\20260320_135731_021.jpg,cerda_001,0
dataset_procesado\cerda_012\.trashed-1776432378-20260317_132434_036.jpg,cerda_012,11
dataset_procesado\cerda_012\20260317_132551_042.jpg,cerda_012,11
dataset_procesado\cerda_012\20260317_132542_013.jpg,cerda_012,11
dataset_procesado\cerda_001\.trashed-1776432377-20260317_132328_065.jpg,cerda_001,0
dataset_procesado\cerda_005\20250511_104602_011.jpg,cerda_005,4
dataset_procesado\cerda_001\.trashed-1776432379-20260317_132242_076.jpg,cerda_001,0
dataset_procesado\cerda_001\.trashed-1776432376-20260317_132100_032.jpg,cerda_001,0
dataset_procesado\cerda_012\20260317_132500_006.jpg,cerda_012,11
dataset_procesado\cerda_012\20260401_111029_001.jpg,cerda_012,11
dataset_procesado\cerda_012\20260320_134940_018.jpg,cerda_012,11
dataset_procesado\cerda_007\20260317_134206_066.jpg,cerda_007,6
dataset_procesado\cerda_001\.trashed-1776432378-20260317_132340_023.jpg,cerda_001,0
dataset_procesado\cerda_002\20260317_133626_006.jpg,cerda_002,1
dataset_procesado\cerda_012\.trashed-1776432231-20260317_132546_063.jpg,cerda_012,11
dataset_procesado\cerda_012\.trashed-1776432375-20260317_132439_047.jpg,cerda_012,11
dataset_procesado\cerda_002\20260317_133528_012.jpg,cerda_002,1
dataset_procesado\cerda_001\.trashed-1776432377-20260317_132406_060.jpg,cerda_001,0
dataset_procesado\cerda_012\20260317_132542_026.jpg,cerda_012,11
dataset_procesado\cerda_012\20260317_132434_016.jpg,cerda_012,11
dataset_procesado\cerda_005\20250511_104735_034.jpg,cerda_005,4
dataset_procesado\cerda_001\20260320_135731_014.jpg,cerda_001,0
dataset_procesado\cerda_001\.trashed-1776432379-20260317_132406_029.jpg,cerda_001,0
dataset_procesado\cerda_012\20260320_134930_016.jpg,cerda_012,11
dataset_procesado\cerda_001\20260317_132359_053.jpg,cerda_001,0
dataset_procesado\cerda_012\20260317_132546_041.jpg,cerda_012,11
dataset_procesado\cerda_012\20260317_132551_011.jpg,cerda_012,11
dataset_procesado\cerda_011\20260320_141245.jpg,cerda_011,10
dataset_procesado\cerda_003\20260320_142029_009.jpg,cerda_003,2
dataset_procesado\cerda_012\.trashed-1776432375-20260317_132434_039.jpg,cerda_012,11
dataset_procesado\cerda_004\20260320_140720_012.jpg,cerda_004,3
dataset_procesado\cerda_001\.trashed-1776432377-20260317_132340_051.jpg,cerda_001,0
dataset_procesado\cerda_002\20260317_133538_001.jpg,cerda_002,1
dataset_procesado\cerda_012\.trashed-1776432377-20260317_131426.jpg,cerda_012,11
dataset_procesado\cerda_007\20260320_141655_005.jpg,cerda_007,6
dataset_procesado\cerda_012\20260320_134909_009.jpg,cerda_012,11
dataset_procesado\cerda_012\IMG-20250420-WA0149.jpg,cerda_012,11
dataset_procesado\cerda_012\20260320_134940_001.jpg,cerda_012,11
dataset_procesado\cerda_001\.trashed-1776432378-20260317_132013.jpg,cerda_001,0
dataset_procesado\cerda_001\.trashed-1776432380-20260317_132351_057.jpg,cerda_001,0
dataset_procesado\cerda_001\.trashed-1776432379-20260317_132359_050.jpg,cerda_001,0
dataset_procesado\cerda_005\20250511_104538.jpg,cerda_005,4
dataset_procesado\cerda_012\20260401_111041_030.jpg,cerda_012,11
dataset_procesado\cerda_012\.trashed-1776432381-20260317_132447_015.jpg,cerda_012,11
dataset_procesado\cerda_007\20260320_141655_043.jpg,cerda_007,6
dataset_procesado\cerda_001\.trashed-1776432378-20260317_132351_019.jpg,cerda_001,0
dataset_procesado\cerda_002\20260317_133458_009.jpg,cerda_002,1
dataset_procesado\cerda_012\20260317_132511_050.jpg,cerda_012,11
dataset_procesado\cerda_001\.trashed-1776432376-20260317_132406_017.jpg,cerda_001,0
dataset_procesado\cerda_012\.trashed-1776432230-20260317_132500_011.jpg,cerda_012,11
dataset_procesado\cerda_002\20260317_133528_013.jpg,cerda_002,1
dataset_procesado\cerda_001\.trashed-1776432378-20260317_132100_006.jpg,cerda_001,0
dataset_procesado\cerda_001\.trashed-1776432376-20260317_132328_012.jpg,cerda_001,0
dataset_procesado\cerda_012\20260320_134940_017.jpg,cerda_012,11
dataset_procesado\cerda_002\20260317_133422_059.jpg,cerda_002,1
dataset_procesado\cerda_012\20260320_134916_014.jpg,cerda_012,11
dataset_procesado\cerda_012\20260320_134930_026.jpg,cerda_012,11
dataset_procesado\cerda_007\20260320_141625_010.jpg,cerda_007,6
dataset_procesado\cerda_001\.trashed-1776432380-20260317_132351_091.jpg,cerda_001,0
dataset_procesado\cerda_002\20260317_133538_014.jpg,cerda_002,1
dataset_procesado\cerda_012\20260320_134930_020.jpg,cerda_012,11
dataset_procesado\cerda_007\20260320_141554.jpg,cerda_007,6
dataset_procesado\cerda_012\20260401_111148.jpg,cerda_012,11
dataset_procesado\cerda_012\.trashed-1776432378-20260317_132511_011.jpg,cerda_012,11
dataset_procesado\cerda_001\20260317_133413_054.jpg,cerda_001,0
dataset_procesado\cerda_012\.trashed-1776432230-20260317_132532_059.jpg,cerda_012,11
dataset_procesado\cerda_012\.trashed-1776432231-20260317_132546_059.jpg,cerda_012,11
dataset_procesado\cerda_001\20260317_133413_011.jpg,cerda_001,0
dataset_procesado\cerda_002\20260317_133513.jpg,cerda_002,1
dataset_procesado\cerda_003\20260320_141959_016.jpg,cerda_003,2
dataset_procesado\cerda_005\20250511_104548.jpg,cerda_005,4
dataset_procesado\cerda_001\.trashed-1776432375-20260317_132233_038.jpg,cerda_001,0
dataset_procesado\cerda_002\20260317_133428_015.jpg,cerda_002,1
dataset_procesado\cerda_012\20260317_132434_027.jpg,cerda_012,11
dataset_procesado\cerda_004\IMG-20250420-WA0044.jpg,cerda_004,3
dataset_procesado\cerda_003\20260320_142042_001.jpg,cerda_003,2
dataset_procesado\cerda_012\.trashed-1776432230-20260317_132500_041.jpg,cerda_012,11
dataset_procesado\cerda_012\.trashed-1776432375-20260317_132439_035.jpg,cerda_012,11
dataset_procesado\cerda_002\20260317_133601_004.jpg,cerda_002,1
dataset_procesado\cerda_005\20250511_104602_021.jpg,cerda_005,4
dataset_procesado\cerda_002\20260317_133538_020.jpg,cerda_002,1
dataset_procesado\cerda_005\20250511_104602_007.jpg,cerda_005,4
dataset_procesado\cerda_012\.trashed-1776432379-20260317_132439_007.jpg,cerda_012,11
dataset_procesado\cerda_007\20260317_134123_010.jpg,cerda_007,6
dataset_procesado\cerda_002\20260317_133601_024.jpg,cerda_002,1
dataset_procesado\cerda_012\20260317_132551_018.jpg,cerda_012,11
dataset_procesado\cerda_003\20260320_141959_012.jpg,cerda_003,2
dataset_procesado\cerda_007\20260317_134123_057.jpg,cerda_007,6
dataset_procesado\cerda_012\.trashed-1776432231-20260317_132532_060.jpg,cerda_012,11
dataset_procesado\cerda_001\.trashed-1776432376-20260317_132242_036.jpg,cerda_001,0
dataset_procesado\cerda_002\20260317_133458_021.jpg,cerda_002,1
dataset_procesado\cerda_012\.trashed-1776432231-20260317_132546_061.jpg,cerda_012,11
dataset_procesado\cerda_001\.trashed-1776432378-20260317_132340_007.jpg,cerda_001,0
dataset_procesado\cerda_012\.trashed-1776432230-20260317_132532_046.jpg,cerda_012,11
dataset_procesado\cerda_001\.trashed-1776432376-20260317_132242_032.jpg,cerda_001,0
dataset_procesado\cerda_001\.trashed-1776432375-20260317_132233_008.jpg,cerda_001,0
dataset_procesado\cerda_001\.trashed-1776432379-20260317_132328_003.jpg,cerda_001,0
dataset_procesado\cerda_001\.trashed-1776432377-20260317_132340_003.jpg,cerda_001,0
dataset_procesado\cerda_001\20260320_135731_013.jpg,cerda_001,0
dataset_procesado\cerda_001\20260320_135731_005.jpg,cerda_001,0
dataset_procesado\cerda_001\.trashed-1776432375-20260317_132328_038.jpg,cerda_001,0
dataset_procesado\cerda_012\20260317_132439_043.jpg,cerda_012,11
dataset_procesado\cerda_002\20260317_133446_025.jpg,cerda_002,1
dataset_procesado\cerda_012\20260317_132551_062.jpg,cerda_012,11
dataset_procesado\cerda_002\20260317_133502_002.jpg,cerda_002,1
dataset_procesado\cerda_007\20260320_141655_028.jpg,cerda_007,6
dataset_procesado\cerda_003\20260320_141959_038.jpg,cerda_003,2
dataset_procesado\cerda_012\IMG-20250420-WA0167.jpg,cerda_012,11
dataset_procesado\cerda_002\20260317_133446_002.jpg,cerda_002,1
dataset_procesado\cerda_012\.trashed-1776432230-20260317_132542_028.jpg,cerda_012,11
dataset_procesado\cerda_012\.trashed-1776432230-20260317_132542_025.jpg,cerda_012,11
dataset_procesado\cerda_012\.trashed-1776432230-20260317_132500_029.jpg,cerda_012,11
dataset_procesado\cerda_008\20260320_142335_018.jpg,cerda_008,7
dataset_procesado\cerda_012\.trashed-1776432229-20260317_132500_055.jpg,cerda_012,11
dataset_procesado\cerda_012\.trashed-1776432378-20260317_132511_016.jpg,cerda_012,11
dataset_procesado\cerda_012\20260317_132511_015.jpg,cerda_012,11
dataset_procesado\cerda_001\.trashed-1776432376-20260317_132406_050.jpg,cerda_001,0
dataset_procesado\cerda_002\20260317_133446_037.jpg,cerda_002,1
dataset_procesado\cerda_012\20260320_134930_014.jpg,cerda_012,11
dataset_procesado\cerda_002\20260317_133428_036.jpg,cerda_002,1
dataset_procesado\cerda_012\20260317_132500_028.jpg,cerda_012,11
dataset_procesado\cerda_012\.trashed-1776432230-20260317_132532_023.jpg,cerda_012,11
dataset_procesado\cerda_001\.trashed-1776432376-20260317_132359_004.jpg,cerda_001,0
dataset_procesado\cerda_012\20260320_134930_015.jpg,cerda_012,11
dataset_procesado\cerda_002\20260317_133538_025.jpg,cerda_002,1
dataset_procesado\cerda_012\.trashed-1776432378-20260317_132447_045.jpg,cerda_012,11
dataset_procesado\cerda_002\20260317_133446_038.jpg,cerda_002,1
dataset_procesado\cerda_012\20260317_132518_016.jpg,cerda_012,11
dataset_procesado\cerda_012\.trashed-1776432378-20260317_132511_032.jpg,cerda_012,11
dataset_procesado\cerda_012\.trashed-1776432375-20260317_132447_020.jpg,cerda_012,11
dataset_procesado\cerda_001\.trashed-1776432380-20260317_132340_061.jpg,cerda_001,0
dataset_procesado\cerda_005\20250511_104613_023.jpg,cerda_005,4
dataset_procesado\cerda_012\20260317_132532_043.jpg,cerda_012,11
dataset_procesado\cerda_001\20260317_132406_044.jpg,cerda_001,0
dataset_procesado\cerda_007\20260320_141703_003.jpg,cerda_007,6
dataset_procesado\cerda_001\.trashed-1776432379-20260317_132406_013.jpg,cerda_001,0
dataset_procesado\cerda_001\.trashed-1776432376-20260317_132242_074.jpg,cerda_001,0
dataset_procesado\cerda_001\.trashed-1776432379-20260317_132242_072.jpg,cerda_001,0
dataset_procesado\cerda_012\.trashed-1776432231-20260317_132551_017.jpg,cerda_012,11
dataset_procesado\cerda_007\20260320_141640.jpg,cerda_007,6
dataset_procesado\cerda_001\.trashed-1776432380-20260317_132242_029.jpg,cerda_001,0
dataset_procesado\cerda_007\20260320_141655_031.jpg,cerda_007,6
dataset_procesado\cerda_012\.trashed-1776432230-20260317_132500_043.jpg,cerda_012,11
dataset_procesado\cerda_001\20260401_111337_006.jpg,cerda_001,0
dataset_procesado\cerda_011\20260320_141305_003.jpg,cerda_011,10
dataset_procesado\cerda_012\20260317_132447_050.jpg,cerda_012,11
dataset_procesado\cerda_012\20260317_132500_023.jpg,cerda_012,11
dataset_procesado\cerda_002\20260317_133538_031.jpg,cerda_002,1
dataset_procesado\cerda_012\20260317_132546_024.jpg,cerda_012,11
dataset_procesado\cerda_007\20260317_134206_059.jpg,cerda_007,6
dataset_procesado\cerda_012\20260317_132532_037.jpg,cerda_012,11
dataset_procesado\cerda_012\.trashed-1776432381-20260317_132447_032.jpg,cerda_012,11
dataset_procesado\cerda_003\20260320_142042_005.jpg,cerda_003,2
dataset_procesado\cerda_012\.trashed-1776432231-20260317_132551_016.jpg,cerda_012,11
dataset_procesado\cerda_012\20260401_111054.jpg,cerda_012,11
dataset_procesado\cerda_002\20260317_133601_014.jpg,cerda_002,1
dataset_procesado\cerda_002\20260317_133542_017.jpg,cerda_002,1
dataset_procesado\cerda_012\20260401_111026.jpg,cerda_012,11
dataset_procesado\cerda_012\20260317_132546_070.jpg,cerda_012,11
dataset_procesado\cerda_012\.trashed-1776432378-20260317_132447_040.jpg,cerda_012,11
dataset_procesado\cerda_001\20260320_135731_034.jpg,cerda_001,0
dataset_procesado\cerda_012\20260401_111029_008.jpg,cerda_012,11
dataset_procesado\cerda_012\.trashed-1776432231-20260317_132532_016.jpg,cerda_012,11
dataset_procesado\cerda_001\20260317_133411_002.jpg,cerda_001,0
dataset_procesado\cerda_002\20260317_133601_034.jpg,cerda_002,1
dataset_procesado\cerda_002\20260317_133626_001.jpg,cerda_002,1
dataset_procesado\cerda_002\20260317_133422_043.jpg,cerda_002,1
dataset_procesado\cerda_002\20260317_133422_044.jpg,cerda_002,1
dataset_procesado\cerda_012\IMG-20250420-WA0144.jpg,cerda_012,11
dataset_procesado\cerda_012\20260401_111041_005.jpg,cerda_012,11
dataset_procesado\cerda_010\20260320_140133.jpg,cerda_010,9
dataset_procesado\cerda_008\20260320_142338_012.jpg,cerda_008,7
dataset_procesado\cerda_001\.trashed-1776432375-20260317_132233_028.jpg,cerda_001,0
dataset_procesado\cerda_012\.trashed-1776432230-20260317_132500_049.jpg,cerda_012,11
dataset_procesado\cerda_002\20260317_133538_028.jpg,cerda_002,1
dataset_procesado\cerda_012\.trashed-1776432381-20260317_132447_030.jpg,cerda_012,11
dataset_procesado\cerda_001\.trashed-1776432375-20260317_132100_046.jpg,cerda_001,0
dataset_procesado\cerda_005\20250511_104602_044.jpg,cerda_005,4
dataset_procesado\cerda_005\20250511_104558_031.jpg,cerda_005,4
dataset_procesado\cerda_012\.trashed-1776432230-20260317_132542_010.jpg,cerda_012,11
dataset_procesado\cerda_001\.trashed-1776432380-20260317_132340_100.jpg,cerda_001,0
dataset_procesado\cerda_012\.trashed-1776432381-20260317_132447_002.jpg,cerda_012,11
dataset_procesado\cerda_002\20260317_133446_007.jpg,cerda_002,1
dataset_procesado\cerda_001\.trashed-1776432380-20260317_132328_051.jpg,cerda_001,0
dataset_procesado\cerda_012\20260317_132532_072.jpg,cerda_012,11
dataset_procesado\cerda_012\20260320_134930_034.jpg,cerda_012,11
dataset_procesado\cerda_003\20260320_141959_039.jpg,cerda_003,2
dataset_procesado\cerda_001\20260317_133413_007.jpg,cerda_001,0
dataset_procesado\cerda_001\20260317_133413_077.jpg,cerda_001,0
dataset_procesado\cerda_005\20250511_104613_012.jpg,cerda_005,4
dataset_procesado\cerda_001\20260317_133413_078.jpg,cerda_001,0
dataset_procesado\cerda_012\.trashed-1776432230-20260317_132500_027.jpg,cerda_012,11
dataset_procesado\cerda_002\20260317_133422_050.jpg,cerda_002,1
dataset_procesado\cerda_001\.trashed-1776432379-20260317_132242_088.jpg,cerda_001,0
dataset_procesado\cerda_001\20260320_135731_024.jpg,cerda_001,0
dataset_procesado\cerda_012\20260317_132551_008.jpg,cerda_012,11
dataset_procesado\cerda_001\.trashed-1776432375-20260317_132328_041.jpg,cerda_001,0
dataset_procesado\cerda_001\.trashed-1776432379-20260317_132406_043.jpg,cerda_001,0
dataset_procesado\cerda_007\20260317_134206_038.jpg,cerda_007,6
dataset_procesado\cerda_012\20260317_132434_056.jpg,cerda_012,11
dataset_procesado\cerda_005\20250511_104735_039.jpg,cerda_005,4
dataset_procesado\cerda_005\20250511_104558_002.jpg,cerda_005,4
dataset_procesado\cerda_012\20260317_132434_051.jpg,cerda_012,11
dataset_procesado\cerda_007\20260317_134123_050.jpg,cerda_007,6
dataset_procesado\cerda_004\IMG-20250420-WA0043.jpg,cerda_004,3
dataset_procesado\cerda_002\20260317_133422_028.jpg,cerda_002,1
dataset_procesado\cerda_002\20260317_133422_011.jpg,cerda_002,1
dataset_procesado\cerda_001\.trashed-1776432377-20260317_132340_075.jpg,cerda_001,0
dataset_procesado\cerda_001\.trashed-1776432375-20260317_132323_028.jpg,cerda_001,0
dataset_procesado\cerda_001\.trashed-1776432376-20260317_132242_056.jpg,cerda_001,0
dataset_procesado\cerda_002\20260317_133446_021.jpg,cerda_002,1
dataset_procesado\cerda_012\20260317_132546_016.jpg,cerda_012,11
dataset_procesado\cerda_001\.trashed-1776432376-20260317_132351_039.jpg,cerda_001,0
dataset_procesado\cerda_007\20260317_134123_016.jpg,cerda_007,6
dataset_procesado\cerda_001\.trashed-1776432379-20260317_132242_051.jpg,cerda_001,0
dataset_procesado\cerda_012\.trashed-1776432378-20260317_132434_016.jpg,cerda_012,11
dataset_procesado\cerda_012\20260317_132546_031.jpg,cerda_012,11
dataset_procesado\cerda_008\20260320_142335_005.jpg,cerda_008,7
dataset_procesado\cerda_001\.trashed-1776432380-20260317_132340_093.jpg,cerda_001,0
dataset_procesado\cerda_005\20250511_104735_044.jpg,cerda_005,4
dataset_procesado\cerda_001\.trashed-1776432380-20260317_132340_014.jpg,cerda_001,0
dataset_procesado\cerda_012\.trashed-1776432231-20260317_132532_050.jpg,cerda_012,11
dataset_procesado\cerda_001\20260401_111332_012.jpg,cerda_001,0
dataset_procesado\cerda_003\20260320_141959_018.jpg,cerda_003,2
dataset_procesado\cerda_001\.trashed-1776432379-20260317_132359_017.jpg,cerda_001,0
dataset_procesado\cerda_001\20260320_135731_031.jpg,cerda_001,0
dataset_procesado\cerda_012\.trashed-1776432375-20260317_132434_003.jpg,cerda_012,11
dataset_procesado\cerda_001\.trashed-1776432376-20260317_132406_019.jpg,cerda_001,0
dataset_procesado\cerda_012\IMG-20250420-WA0164.jpg,cerda_012,11
dataset_procesado\cerda_001\.trashed-1776432375-20260317_132323_037.jpg,cerda_001,0
dataset_procesado\cerda_002\20260317_133528_014.jpg,cerda_002,1
dataset_procesado\cerda_012\20260317_132551_019.jpg,cerda_012,11
dataset_procesado\cerda_006\IMG-20250420-WA0019.jpg,cerda_006,5
dataset_procesado\cerda_011\20260320_141258.jpg,cerda_011,10
dataset_procesado\cerda_001\.trashed-1776432375-20260317_132328_045.jpg,cerda_001,0
dataset_procesado\cerda_012\.trashed-1776432231-20260317_132551_049.jpg,cerda_012,11
dataset_procesado\cerda_002\20260317_133542_020.jpg,cerda_002,1
dataset_procesado\cerda_011\20260320_141334.jpg,cerda_011,10
dataset_procesado\cerda_012\20260317_132546_007.jpg,cerda_012,11
dataset_procesado\cerda_001\.trashed-1776432376-20260317_132100_033.jpg,cerda_001,0
dataset_procesado\cerda_002\20260317_133458_017.jpg,cerda_002,1
dataset_procesado\cerda_012\20260317_132551_035.jpg,cerda_012,11
dataset_procesado\cerda_012\20260317_132532_011.jpg,cerda_012,11
dataset_procesado\cerda_012\20260317_132500_013.jpg,cerda_012,11
dataset_procesado\cerda_004\20260320_140720_010.jpg,cerda_004,3
dataset_procesado\cerda_012\20260317_132546_060.jpg,cerda_012,11
dataset_procesado\cerda_007\20260320_141703_031.jpg,cerda_007,6
dataset_procesado\cerda_007\20260320_141625_005.jpg,cerda_007,6
dataset_procesado\cerda_012\20260320_134909_003.jpg,cerda_012,11
dataset_procesado\cerda_005\20250511_104735_028.jpg,cerda_005,4
dataset_procesado\cerda_001\20260401_111331.jpg,cerda_001,0
dataset_procesado\cerda_001\.trashed-1776432380-20260317_132351_077.jpg,cerda_001,0
dataset_procesado\cerda_001\20260317_132406_039.jpg,cerda_001,0
dataset_procesado\cerda_001\.trashed-1776432380-20260317_132242_010.jpg,cerda_001,0
dataset_procesado\cerda_012\20260401_111029_006.jpg,cerda_012,11
dataset_procesado\cerda_012\.trashed-1776432231-20260317_132546_077.jpg,cerda_012,11
dataset_procesado\cerda_002\20260317_133422_082.jpg,cerda_002,1
dataset_procesado\cerda_012\20260317_132439_033.jpg,cerda_012,11
dataset_procesado\cerda_001\20260317_132359_052.jpg,cerda_001,0
dataset_procesado\cerda_012\20260317_132500_009.jpg,cerda_012,11
dataset_procesado\cerda_003\20260317_133809_001.jpg,cerda_003,2
dataset_procesado\cerda_002\20260317_133605.jpg,cerda_002,1
dataset_procesado\cerda_002\20260317_133528_003.jpg,cerda_002,1
dataset_procesado\cerda_007\20260320_141702.jpg,cerda_007,6
dataset_procesado\cerda_001\.trashed-1776432380-20260317_132340_009.jpg,cerda_001,0
dataset_procesado\cerda_001\.trashed-1776432380-20260317_132340_050.jpg,cerda_001,0
dataset_procesado\cerda_002\20260317_133538_012.jpg,cerda_002,1
dataset_procesado\cerda_007\20260317_134123_066.jpg,cerda_007,6
dataset_procesado\cerda_012\20260317_132532_021.jpg,cerda_012,11
dataset_procesado\cerda_012\.trashed-1776432231-20260317_132546_050.jpg,cerda_012,11
dataset_procesado\cerda_001\.trashed-1776432379-20260317_132359_028.jpg,cerda_001,0
dataset_procesado\cerda_005\20250511_104628.jpg,cerda_005,4
dataset_procesado\cerda_012\.trashed-1776432230-20260317_132546_045.jpg,cerda_012,11
dataset_procesado\cerda_012\20260320_134916_026.jpg,cerda_012,11
dataset_procesado\cerda_007\20260317_134123_014.jpg,cerda_007,6
dataset_procesado\cerda_002\20260317_133502_008.jpg,cerda_002,1
dataset_procesado\cerda_002\20260317_133435_012.jpg,cerda_002,1
dataset_procesado\cerda_001\20260317_132406_062.jpg,cerda_001,0
dataset_procesado\cerda_005\20250511_104558_037.jpg,cerda_005,4
dataset_procesado\cerda_002\20260317_133622_011.jpg,cerda_002,1
dataset_procesado\cerda_012\20260317_132546_033.jpg,cerda_012,11
dataset_procesado\cerda_012\.trashed-1776432375-20260317_132439_033.jpg,cerda_012,11
dataset_procesado\cerda_002\20260317_133542_019.jpg,cerda_002,1
dataset_procesado\cerda_012\20260317_132447_027.jpg,cerda_012,11
dataset_procesado\cerda_001\.trashed-1776432375-20260317_132100_047.jpg,cerda_001,0
dataset_procesado\cerda_003\20260320_142009.jpg,cerda_003,2
dataset_procesado\cerda_012\20260317_132551_001.jpg,cerda_012,11
dataset_procesado\cerda_001\.trashed-1776432376-20260317_132406_044.jpg,cerda_001,0
dataset_procesado\cerda_012\.trashed-1776432230-20260317_132500_061.jpg,cerda_012,11
dataset_procesado\cerda_005\20250511_104558_003.jpg,cerda_005,4
dataset_procesado\cerda_001\20260401_111332_006.jpg,cerda_001,0
dataset_procesado\cerda_001\20260317_132359_057.jpg,cerda_001,0
dataset_procesado\cerda_012\20260317_132532_070.jpg,cerda_012,11
dataset_procesado\cerda_001\20260317_132406_037.jpg,cerda_001,0
dataset_procesado\cerda_012\.trashed-1776432230-20260317_132546_046.jpg,cerda_012,11
dataset_procesado\cerda_001\.trashed-1776432377-20260317_132351_008.jpg,cerda_001,0
dataset_procesado\cerda_012\IMG-20250420-WA0148.jpg,cerda_012,11
dataset_procesado\cerda_001\.trashed-1776432380-20260317_132351_048.jpg,cerda_001,0
dataset_procesado\cerda_003\20260320_142038.jpg,cerda_003,2
dataset_procesado\cerda_012\20260317_132434_037.jpg,cerda_012,11
dataset_procesado\cerda_002\20260317_133458_036.jpg,cerda_002,1
dataset_procesado\cerda_012\20260317_132546_018.jpg,cerda_012,11
dataset_procesado\cerda_012\.trashed-1776432230-20260317_132546_026.jpg,cerda_012,11
dataset_procesado\cerda_002\20260317_133601_021.jpg,cerda_002,1
dataset_procesado\cerda_001\.trashed-1776432376-20260317_132100_018.jpg,cerda_001,0
dataset_procesado\cerda_002\20260317_133601_020.jpg,cerda_002,1
dataset_procesado\cerda_001\.trashed-1776432380-20260317_132351_007.jpg,cerda_001,0
dataset_procesado\cerda_012\20260320_134940_008.jpg,cerda_012,11
dataset_procesado\cerda_001\.trashed-1776432379-20260317_132351_094.jpg,cerda_001,0
dataset_procesado\cerda_012\.trashed-1776432231-20260317_132551_029.jpg,cerda_012,11
dataset_procesado\cerda_001\.trashed-1776432376-20260317_132242_065.jpg,cerda_001,0
dataset_procesado\cerda_002\20260317_133538_003.jpg,cerda_002,1
dataset_procesado\cerda_012\20260317_132542_023.jpg,cerda_012,11
dataset_procesado\cerda_003\20260317_133644.jpg,cerda_003,2
dataset_procesado\cerda_012\.trashed-1776432231-20260317_132551_033.jpg,cerda_012,11
dataset_procesado\cerda_012\20260317_132518_013.jpg,cerda_012,11
dataset_procesado\cerda_002\20260317_133435_001.jpg,cerda_002,1
dataset_procesado\cerda_001\.trashed-1776432380-20260317_132328_052.jpg,cerda_001,0
dataset_procesado\cerda_007\20260320_141703_006.jpg,cerda_007,6
dataset_procesado\cerda_005\20250511_104602_027.jpg,cerda_005,4
dataset_procesado\cerda_001\.trashed-1776432376-20260317_132328_002.jpg,cerda_001,0
dataset_procesado\cerda_007\20260320_141655_040.jpg,cerda_007,6
dataset_procesado\cerda_012\.trashed-1776432377-20260317_132434_057.jpg,cerda_012,11
dataset_procesado\cerda_001\.trashed-1776432379-20260317_132328_019.jpg,cerda_001,0
dataset_procesado\cerda_012\20260317_132439_013.jpg,cerda_012,11
dataset_procesado\cerda_001\.trashed-1776432379-20260317_132323_017.jpg,cerda_001,0
dataset_procesado\cerda_001\20260317_132406_057.jpg,cerda_001,0
dataset_procesado\cerda_001\.trashed-1776432378-20260317_132328_034.jpg,cerda_001,0
dataset_procesado\cerda_012\.trashed-1776432230-20260317_132546_028.jpg,cerda_012,11
dataset_procesado\cerda_012\.trashed-1776432231-20260317_132532_071.jpg,cerda_012,11
dataset_procesado\cerda_008\20260320_142338_009.jpg,cerda_008,7
dataset_procesado\cerda_012\IMG-20250420-WA0158.jpg,cerda_012,11
dataset_procesado\cerda_007\20260320_141703_028.jpg,cerda_007,6
dataset_procesado\cerda_012\20260317_132551_065.jpg,cerda_012,11
dataset_procesado\cerda_012\20260317_132551_059.jpg,cerda_012,11
dataset_procesado\cerda_002\20260317_133428_033.jpg,cerda_002,1
dataset_procesado\cerda_012\20260320_135017.jpg,cerda_012,11
dataset_procesado\cerda_001\.trashed-1776432380-20260317_132328_060.jpg,cerda_001,0
dataset_procesado\cerda_009\20260320_140356.jpg,cerda_009,8
dataset_procesado\cerda_012\.trashed-1776432231-20260317_132532_063.jpg,cerda_012,11
dataset_procesado\cerda_002\20260317_133458_011.jpg,cerda_002,1
dataset_procesado\cerda_010\20260320_140134.jpg,cerda_010,9
dataset_procesado\cerda_001\20260317_132406_028.jpg,cerda_001,0
dataset_procesado\cerda_002\20260317_133528_034.jpg,cerda_002,1
dataset_procesado\cerda_012\.trashed-1776432378-20260317_132439_025.jpg,cerda_012,11
dataset_procesado\cerda_012\.trashed-1776432230-20260317_132500_019.jpg,cerda_012,11
dataset_procesado\cerda_002\20260317_133422_033.jpg,cerda_002,1
dataset_procesado\cerda_012\20260317_132434_005.jpg,cerda_012,11
dataset_procesado\cerda_011\20260320_141211.jpg,cerda_011,10
dataset_procesado\cerda_012\20260317_132500_045.jpg,cerda_012,11
dataset_procesado\cerda_008\20260320_142338_008.jpg,cerda_008,7
dataset_procesado\cerda_011\20260320_141309_004.jpg,cerda_011,10
dataset_procesado\cerda_002\20260317_133428_061.jpg,cerda_002,1
dataset_procesado\cerda_001\.trashed-1776432379-20260317_132242_061.jpg,cerda_001,0
dataset_procesado\cerda_001\.trashed-1776432380-20260317_132340_091.jpg,cerda_001,0
dataset_procesado\cerda_001\.trashed-1776432379-20260317_132242_084.jpg,cerda_001,0
dataset_procesado\cerda_012\.trashed-1776432378-20260317_132434_021.jpg,cerda_012,11
dataset_procesado\cerda_007\20260317_134135.jpg,cerda_007,6
dataset_procesado\cerda_006\IMG-20250420-WA0040.jpg,cerda_006,5
dataset_procesado\cerda_001\20260320_135728.jpg,cerda_001,0
dataset_procesado\cerda_012\20260317_132532_019.jpg,cerda_012,11
dataset_procesado\cerda_012\20260401_111035.jpg,cerda_012,11
dataset_procesado\cerda_012\.trashed-1776432381-20260317_132447_008.jpg,cerda_012,11
dataset_procesado\cerda_012\20260317_132500_010.jpg,cerda_012,11
dataset_procesado\cerda_012\.trashed-1776432230-20260317_132500_067.jpg,cerda_012,11
dataset_procesado\cerda_001\.trashed-1776432378-20260317_132340_005.jpg,cerda_001,0
dataset_procesado\cerda_002\20260317_133422_067.jpg,cerda_002,1
dataset_procesado\cerda_001\.trashed-1776432375-20260317_132100_040.jpg,cerda_001,0
dataset_procesado\cerda_012\20260317_132542_011.jpg,cerda_012,11
dataset_procesado\cerda_012\.trashed-1776432230-20260317_132546_039.jpg,cerda_012,11
dataset_procesado\cerda_011\20260320_141305_002.jpg,cerda_011,10
dataset_procesado\cerda_012\.trashed-1776432231-20260317_132546_049.jpg,cerda_012,11
dataset_procesado\cerda_002\20260317_133528_039.jpg,cerda_002,1
dataset_procesado\cerda_001\20260320_135731_006.jpg,cerda_001,0
dataset_procesado\cerda_012\20260317_132500_019.jpg,cerda_012,11
dataset_procesado\cerda_007\20260317_134123_065.jpg,cerda_007,6
dataset_procesado\cerda_012\.trashed-1776432229-20260317_132532_020.jpg,cerda_012,11
dataset_procesado\cerda_011\20260320_141200.jpg,cerda_011,10
dataset_procesado\cerda_012\20260317_132434_055.jpg,cerda_012,11
dataset_procesado\cerda_012\20260317_132532_073.jpg,cerda_012,11
dataset_procesado\cerda_012\20260317_132546_022.jpg,cerda_012,11
dataset_procesado\cerda_001\.trashed-1776432376-20260317_132328_004.jpg,cerda_001,0
dataset_procesado\cerda_005\20250511_104619.jpg,cerda_005,4
dataset_procesado\cerda_004\20260320_140720_023.jpg,cerda_004,3
dataset_procesado\cerda_001\.trashed-1776432377-20260317_132406_052.jpg,cerda_001,0
dataset_procesado\cerda_012\20260320_134930_028.jpg,cerda_012,11
dataset_procesado\cerda_007\20260320_141655_034.jpg,cerda_007,6
dataset_procesado\cerda_003\20260320_141959_032.jpg,cerda_003,2
dataset_procesado\cerda_012\20260317_132532_082.jpg,cerda_012,11
dataset_procesado\cerda_009\20260320_140316.jpg,cerda_009,8
dataset_procesado\cerda_012\IMG-20250420-WA0142.jpg,cerda_012,11
dataset_procesado\cerda_012\.trashed-1776432231-20260317_132551_004.jpg,cerda_012,11
dataset_procesado\cerda_012\20260320_134909_002.jpg,cerda_012,11
dataset_procesado\cerda_005\20250511_104735_042.jpg,cerda_005,4
dataset_procesado\cerda_005\20250511_104618_001.jpg,cerda_005,4
dataset_procesado\cerda_001\.trashed-1776432378-20260317_132351_025.jpg,cerda_001,0
dataset_procesado\cerda_001\.trashed-1776432379-20260317_132242_066.jpg,cerda_001,0
dataset_procesado\cerda_002\20260317_133446_026.jpg,cerda_002,1
dataset_procesado\cerda_003\20260320_141959_030.jpg,cerda_003,2
dataset_procesado\cerda_012\.trashed-1776432231-20260317_132532_064.jpg,cerda_012,11
dataset_procesado\cerda_012\.trashed-1776432231-20260317_132551_028.jpg,cerda_012,11
dataset_procesado\cerda_001\.trashed-1776432375-20260317_132100_063.jpg,cerda_001,0
dataset_procesado\cerda_012\.trashed-1776432231-20260317_132532_041.jpg,cerda_012,11
dataset_procesado\cerda_002\20260317_133632.jpg,cerda_002,1
dataset_procesado\cerda_001\.trashed-1776432377-20260317_132406_010.jpg,cerda_001,0
dataset_procesado\cerda_007\20260317_134206_086.jpg,cerda_007,6
dataset_procesado\cerda_012\.trashed-1776432230-20260317_132500_009.jpg,cerda_012,11
dataset_procesado\cerda_001\.trashed-1776432375-20260317_132233_016.jpg,cerda_001,0
dataset_procesado\cerda_012\20260317_132546_029.jpg,cerda_012,11
dataset_procesado\cerda_007\20260317_134123_055.jpg,cerda_007,6
dataset_procesado\cerda_007\20260317_134123_048.jpg,cerda_007,6
dataset_procesado\cerda_005\20250511_104602_002.jpg,cerda_005,4
dataset_procesado\cerda_001\20260320_135731_023.jpg,cerda_001,0
dataset_procesado\cerda_012\20260317_132532_074.jpg,cerda_012,11
dataset_procesado\cerda_004\IMG-20250420-WA0053.jpg,cerda_004,3
dataset_procesado\cerda_012\20260317_132434_024.jpg,cerda_012,11
dataset_procesado\cerda_012\20260317_132447_021.jpg,cerda_012,11
dataset_procesado\cerda_001\.trashed-1776432380-20260317_132242_012.jpg,cerda_001,0
dataset_procesado\cerda_012\20260320_134940_007.jpg,cerda_012,11
dataset_procesado\cerda_012\20260317_132532_050.jpg,cerda_012,11
dataset_procesado\cerda_001\.trashed-1776432379-20260317_132351_088.jpg,cerda_001,0
dataset_procesado\cerda_001\.trashed-1776432379-20260317_132323_042.jpg,cerda_001,0
dataset_procesado\cerda_007\20260317_134123_064.jpg,cerda_007,6
dataset_procesado\cerda_008\20260320_142338_019.jpg,cerda_008,7
dataset_procesado\cerda_012\20260317_132546_061.jpg,cerda_012,11
dataset_procesado\cerda_012\20260317_132551_010.jpg,cerda_012,11
dataset_procesado\cerda_005\20250511_104558_021.jpg,cerda_005,4
dataset_procesado\cerda_003\20260320_141910.jpg,cerda_003,2
dataset_procesado\cerda_001\.trashed-1776432375-20260317_132323_035.jpg,cerda_001,0
dataset_procesado\cerda_002\20260317_133458_031.jpg,cerda_002,1
dataset_procesado\cerda_012\20260320_142836.jpg,cerda_012,11
dataset_procesado\cerda_012\.trashed-1776432231-20260317_132551_035.jpg,cerda_012,11
dataset_procesado\cerda_005\20250511_104613_020.jpg,cerda_005,4
dataset_procesado\cerda_001\.trashed-1776432377-20260317_132406_035.jpg,cerda_001,0
dataset_procesado\cerda_004\20260320_140720_005.jpg,cerda_004,3
dataset_procesado\cerda_005\20250511_104613_009.jpg,cerda_005,4
dataset_procesado\cerda_012\20260317_132532_023.jpg,cerda_012,11
dataset_procesado\cerda_012\.trashed-1776432228-20260317_132542_023.jpg,cerda_012,11
dataset_procesado\cerda_002\20260317_133428_060.jpg,cerda_002,1
dataset_procesado\cerda_003\20260320_141913.jpg,cerda_003,2
dataset_procesado\cerda_012\20260317_132434_009.jpg,cerda_012,11
dataset_procesado\cerda_012\20260320_134930_018.jpg,cerda_012,11
dataset_procesado\cerda_009\20260320_140401.jpg,cerda_009,8
dataset_procesado\cerda_005\20250511_104613_002.jpg,cerda_005,4
dataset_procesado\cerda_004\IMG-20250420-WA0046.jpg,cerda_004,3
dataset_procesado\cerda_001\.trashed-1776432379-20260317_132359_015.jpg,cerda_001,0
dataset_procesado\cerda_012\.trashed-1776432378-20260317_132434_015.jpg,cerda_012,11
dataset_procesado\cerda_012\.trashed-1776432230-20260317_132500_028.jpg,cerda_012,11
dataset_procesado\cerda_001\20260320_135718.jpg,cerda_001,0
dataset_procesado\cerda_012\20260317_132511_013.jpg,cerda_012,11
dataset_procesado\cerda_012\20260317_132518_017.jpg,cerda_012,11
dataset_procesado\cerda_012\20260317_132439_015.jpg,cerda_012,11
dataset_procesado\cerda_003\20260320_142042_011.jpg,cerda_003,2
dataset_procesado\cerda_003\20260320_141959_003.jpg,cerda_003,2
dataset_procesado\cerda_007\20260317_134142.jpg,cerda_007,6
dataset_procesado\cerda_004\IMG-20250420-WA0083.jpg,cerda_004,3
dataset_procesado\cerda_012\.trashed-1776432231-20260317_132546_051.jpg,cerda_012,11
dataset_procesado\cerda_012\.trashed-1776432231-20260317_132551_046.jpg,cerda_012,11
dataset_procesado\cerda_012\.trashed-1776432229-20260317_132551_062.jpg,cerda_012,11
dataset_procesado\cerda_002\20260317_133428_013.jpg,cerda_002,1
dataset_procesado\cerda_012\20260317_132546_010.jpg,cerda_012,11
dataset_procesado\cerda_001\.trashed-1776432376-20260317_132100_054.jpg,cerda_001,0
dataset_procesado\cerda_012\20260317_132500_054.jpg,cerda_012,11
dataset_procesado\cerda_007\20260320_141655_014.jpg,cerda_007,6
dataset_procesado\cerda_012\.trashed-1776432231-20260317_132500_050.jpg,cerda_012,11
dataset_procesado\cerda_001\.trashed-1776432380-20260317_132351_097.jpg,cerda_001,0
dataset_procesado\cerda_012\.trashed-1776432231-20260317_132532_038.jpg,cerda_012,11
dataset_procesado\cerda_012\IMG-20250420-WA0157.jpg,cerda_012,11
dataset_procesado\cerda_005\20250511_104602_020.jpg,cerda_005,4
dataset_procesado\cerda_012\20260317_132518_004.jpg,cerda_012,11
dataset_procesado\cerda_012\20260320_134813.jpg,cerda_012,11
dataset_procesado\cerda_001\.trashed-1776432376-20260317_132406_026.jpg,cerda_001,0
dataset_procesado\cerda_012\20260317_132551_054.jpg,cerda_012,11
dataset_procesado\cerda_001\20260320_135737.jpg,cerda_001,0
dataset_procesado\cerda_002\20260317_133542_006.jpg,cerda_002,1
dataset_procesado\cerda_007\20260317_134206_075.jpg,cerda_007,6
dataset_procesado\cerda_003\20260320_141959_047.jpg,cerda_003,2
dataset_procesado\cerda_001\.trashed-1776432378-20260317_132100_004.jpg,cerda_001,0
dataset_procesado\cerda_002\20260317_133537.jpg,cerda_002,1
dataset_procesado\cerda_002\20260317_133622_004.jpg,cerda_002,1
dataset_procesado\cerda_004\20260320_140635.jpg,cerda_004,3
dataset_procesado\cerda_001\.trashed-1776432377-20260317_132406_036.jpg,cerda_001,0
dataset_procesado\cerda_012\20260320_134940_012.jpg,cerda_012,11
dataset_procesado\cerda_001\.trashed-1776432380-20260317_132242_037.jpg,cerda_001,0
dataset_procesado\cerda_012\20260320_134930_030.jpg,cerda_012,11
dataset_procesado\cerda_002\20260317_133435_003.jpg,cerda_002,1
dataset_procesado\cerda_007\20260317_134123_051.jpg,cerda_007,6
dataset_procesado\cerda_004\IMG-20250420-WA0052.jpg,cerda_004,3
dataset_procesado\cerda_007\20260317_134123_069.jpg,cerda_007,6
dataset_procesado\cerda_002\20260317_133458_027.jpg,cerda_002,1
dataset_procesado\cerda_012\.trashed-1776432381-20260317_132447_033.jpg,cerda_012,11
dataset_procesado\cerda_001\20260320_140941.jpg,cerda_001,0
dataset_procesado\cerda_001\.trashed-1776432378-20260317_132100_003.jpg,cerda_001,0
dataset_procesado\cerda_012\20260320_134930_008.jpg,cerda_012,11
dataset_procesado\cerda_012\20260317_132439_014.jpg,cerda_012,11
dataset_procesado\cerda_001\.trashed-1776432376-20260317_132242_023.jpg,cerda_001,0
dataset_procesado\cerda_012\20260317_132439_022.jpg,cerda_012,11
dataset_procesado\cerda_001\.trashed-1776432375-20260317_132242_004.jpg,cerda_001,0
dataset_procesado\cerda_012\.trashed-1776432229-20260317_132500_007.jpg,cerda_012,11
dataset_procesado\cerda_001\.trashed-1776432379-20260317_132406_041.jpg,cerda_001,0
dataset_procesado\cerda_012\.trashed-1776432230-20260317_132532_078.jpg,cerda_012,11
dataset_procesado\cerda_012\20260317_132532_035.jpg,cerda_012,11
dataset_procesado\cerda_002\20260317_133422_048.jpg,cerda_002,1
dataset_procesado\cerda_012\.trashed-1776432230-20260317_132546_042.jpg,cerda_012,11
dataset_procesado\cerda_012\20260317_132439_008.jpg,cerda_012,11
dataset_procesado\cerda_001\.trashed-1776432376-20260317_132359_024.jpg,cerda_001,0
dataset_procesado\cerda_012\20260317_132546_045.jpg,cerda_012,11
dataset_procesado\cerda_002\20260317_133458_033.jpg,cerda_002,1
dataset_procesado\cerda_002\20260317_133422_018.jpg,cerda_002,1
dataset_procesado\cerda_001\20260317_132406_058.jpg,cerda_001,0
dataset_procesado\cerda_002\20260317_133428_024.jpg,cerda_002,1
dataset_procesado\cerda_001\.trashed-1776432375-20260317_132242_006.jpg,cerda_001,0
dataset_procesado\cerda_001\.trashed-1776432380-20260317_132340_057.jpg,cerda_001,0
dataset_procesado\cerda_012\.trashed-1776432378-20260317_132434_009.jpg,cerda_012,11
dataset_procesado\cerda_012\20260317_132439_028.jpg,cerda_012,11
dataset_procesado\cerda_007\20260320_141646.jpg,cerda_007,6
dataset_procesado\cerda_007\20260320_141655_027.jpg,cerda_007,6
dataset_procesado\cerda_012\20260317_132447_006.jpg,cerda_012,11
dataset_procesado\cerda_012\20260317_132546_042.jpg,cerda_012,11
dataset_procesado\cerda_001\.trashed-1776432376-20260317_132100_037.jpg,cerda_001,0
dataset_procesado\cerda_012\.trashed-1776432378-20260317_132434_008.jpg,cerda_012,11
dataset_procesado\cerda_001\.trashed-1776432376-20260317_132323_013.jpg,cerda_001,0
dataset_procesado\cerda_001\.trashed-1776432375-20260317_132100_038.jpg,cerda_001,0
dataset_procesado\cerda_002\20260317_133435_005.jpg,cerda_002,1
dataset_procesado\cerda_006\IMG-20250420-WA0026.jpg,cerda_006,5
dataset_procesado\cerda_005\20250511_104542.jpg,cerda_005,4
dataset_procesado\cerda_012\20260317_132439_002.jpg,cerda_012,11
dataset_procesado\cerda_012\20260317_132532_024.jpg,cerda_012,11
dataset_procesado\cerda_003\20260320_142037.jpg,cerda_003,2
dataset_procesado\cerda_004\20260320_140654.jpg,cerda_004,3
dataset_procesado\cerda_012\.trashed-1776432230-20260317_132532_035.jpg,cerda_012,11
dataset_procesado\cerda_002\20260317_133628.jpg,cerda_002,1
dataset_procesado\cerda_005\20250511_104602_008.jpg,cerda_005,4
dataset_procesado\cerda_001\.trashed-1776432376-20260317_132351_045.jpg,cerda_001,0
dataset_procesado\cerda_012\20260317_132447_055.jpg,cerda_012,11
dataset_procesado\cerda_002\20260317_133601_023.jpg,cerda_002,1
dataset_procesado\cerda_001\20260317_132406_034.jpg,cerda_001,0
dataset_procesado\cerda_002\20260317_133422_034.jpg,cerda_002,1
dataset_procesado\cerda_001\.trashed-1776432377-20260317_132328_050.jpg,cerda_001,0
dataset_procesado\cerda_012\20260317_132447_047.jpg,cerda_012,11
dataset_procesado\cerda_007\20260317_134132.jpg,cerda_007,6
dataset_procesado\cerda_001\.trashed-1776432377-20260317_132340_044.jpg,cerda_001,0
dataset_procesado\cerda_005\20250511_104735_031.jpg,cerda_005,4
dataset_procesado\cerda_012\20260317_132542_003.jpg,cerda_012,11
dataset_procesado\cerda_002\20260317_133446_016.jpg,cerda_002,1
dataset_procesado\cerda_001\.trashed-1776432376-20260317_132323_043.jpg,cerda_001,0
dataset_procesado\cerda_012\.trashed-1776432229-20260317_132551_073.jpg,cerda_012,11
dataset_procesado\cerda_012\20260317_132546_048.jpg,cerda_012,11
dataset_procesado\cerda_001\.trashed-1776432379-20260317_132359_036.jpg,cerda_001,0
dataset_procesado\cerda_005\20250511_104602_029.jpg,cerda_005,4
dataset_procesado\cerda_003\20260320_141959_036.jpg,cerda_003,2
dataset_procesado\cerda_002\20260317_133446_035.jpg,cerda_002,1
dataset_procesado\cerda_001\.trashed-1776432377-20260317_132340_082.jpg,cerda_001,0
dataset_procesado\cerda_012\.trashed-1776432230-20260317_132546_017.jpg,cerda_012,11
dataset_procesado\cerda_012\20260320_134930_027.jpg,cerda_012,11
dataset_procesado\cerda_001\.trashed-1776432379-20260317_132351_087.jpg,cerda_001,0
dataset_procesado\cerda_001\.trashed-1776432376-20260317_132328_005.jpg,cerda_001,0
dataset_procesado\cerda_001\.trashed-1776432380-20260317_132340_073.jpg,cerda_001,0
dataset_procesado\cerda_012\.trashed-1776432229-20260317_132532_084.jpg,cerda_012,11
dataset_procesado\cerda_012\.trashed-1776432378-20260317_132434_058.jpg,cerda_012,11
dataset_procesado\cerda_002\20260317_133422_006.jpg,cerda_002,1
dataset_procesado\cerda_007\20260317_134123_018.jpg,cerda_007,6
dataset_procesado\cerda_003\20260320_142032_011.jpg,cerda_003,2
dataset_procesado\cerda_012\.trashed-1776432230-20260317_132500_070.jpg,cerda_012,11
dataset_procesado\cerda_001\.trashed-1776432380-20260317_132340_067.jpg,cerda_001,0
dataset_procesado\cerda_012\20260317_132447_003.jpg,cerda_012,11
dataset_procesado\cerda_012\20260317_132434_032.jpg,cerda_012,11
dataset_procesado\cerda_012\20260317_132546_020.jpg,cerda_012,11
dataset_procesado\cerda_002\20260317_133502_006.jpg,cerda_002,1
dataset_procesado\cerda_012\.trashed-1776432230-20260317_132532_056.jpg,cerda_012,11
dataset_procesado\cerda_001\.trashed-1776432376-20260317_132100_035.jpg,cerda_001,0
dataset_procesado\cerda_012\20260401_111041_015.jpg,cerda_012,11
dataset_procesado\cerda_002\20260317_133615.jpg,cerda_002,1
dataset_procesado\cerda_001\20260320_135751.jpg,cerda_001,0
dataset_procesado\cerda_001\20260317_133413_052.jpg,cerda_001,0
dataset_procesado\cerda_012\20260320_134940_003.jpg,cerda_012,11
dataset_procesado\cerda_001\20260317_133413_076.jpg,cerda_001,0
dataset_procesado\cerda_001\20260317_132359_039.jpg,cerda_001,0
dataset_procesado\cerda_001\.trashed-1776432377-20260317_132340_011.jpg,cerda_001,0
dataset_procesado\cerda_007\20260317_134206_082.jpg,cerda_007,6
dataset_procesado\cerda_007\20260317_134206_084.jpg,cerda_007,6
dataset_procesado\cerda_002\20260317_133446_018.jpg,cerda_002,1
dataset_procesado\cerda_001\.trashed-1776432377-20260317_132406_030.jpg,cerda_001,0
dataset_procesado\cerda_012\20260320_134944.jpg,cerda_012,11
dataset_procesado\cerda_001\.trashed-1776432379-20260317_132406_021.jpg,cerda_001,0
dataset_procesado\cerda_002\20260317_133528_021.jpg,cerda_002,1
dataset_procesado\cerda_002\20260317_133428_056.jpg,cerda_002,1
dataset_procesado\cerda_001\.trashed-1776432375-20260317_132233_001.jpg,cerda_001,0
dataset_procesado\cerda_012\20260401_111138.jpg,cerda_012,11
dataset_procesado\cerda_001\20260401_111332_002.jpg,cerda_001,0
dataset_procesado\cerda_002\20260317_133422_058.jpg,cerda_002,1
dataset_procesado\cerda_002\20260317_133422_012.jpg,cerda_002,1
dataset_procesado\cerda_012\20260317_132551_046.jpg,cerda_012,11
dataset_procesado\cerda_007\20260317_134206_067.jpg,cerda_007,6
dataset_procesado\cerda_007\20260317_134206_077.jpg,cerda_007,6
dataset_procesado\cerda_012\20260317_132500_021.jpg,cerda_012,11
dataset_procesado\cerda_002\20260317_133601_046.jpg,cerda_002,1
dataset_procesado\cerda_001\.trashed-1776432376-20260317_132242_019.jpg,cerda_001,0
dataset_procesado\cerda_012\20260317_132542_007.jpg,cerda_012,11
dataset_procesado\cerda_012\20260317_132518_011.jpg,cerda_012,11
dataset_procesado\cerda_001\20260401_111337_008.jpg,cerda_001,0
dataset_procesado\cerda_007\20260320_141703_020.jpg,cerda_007,6
dataset_procesado\cerda_012\.trashed-1776432381-20260317_132447_041.jpg,cerda_012,11
dataset_procesado\cerda_012\.trashed-1776432375-20260317_132447_051.jpg,cerda_012,11
dataset_procesado\cerda_006\IMG-20250420-WA0002.jpg,cerda_006,5
dataset_procesado\cerda_007\20260317_134206_099.jpg,cerda_007,6
dataset_procesado\cerda_001\.trashed-1776432380-20260317_132340_056.jpg,cerda_001,0
dataset_procesado\cerda_001\.trashed-1776432380-20260317_132340_068.jpg,cerda_001,0
dataset_procesado\cerda_001\.trashed-1776432376-20260317_132100_053.jpg,cerda_001,0
dataset_procesado\cerda_002\20260317_133428_055.jpg,cerda_002,1
dataset_procesado\cerda_006\IMG-20250420-WA0027.jpg,cerda_006,5
dataset_procesado\cerda_007\20260320_141655_048.jpg,cerda_007,6
dataset_procesado\cerda_007\20260320_141655_037.jpg,cerda_007,6
dataset_procesado\cerda_012\.trashed-1776432231-20260317_132551_019.jpg,cerda_012,11
dataset_procesado\cerda_001\.trashed-1776432378-20260317_132000.jpg,cerda_001,0
dataset_procesado\cerda_001\.trashed-1776432380-20260317_132351_012.jpg,cerda_001,0
dataset_procesado\cerda_001\20260317_133413_008.jpg,cerda_001,0
dataset_procesado\cerda_012\20260317_132439_007.jpg,cerda_012,11
dataset_procesado\cerda_012\20260317_132542_001.jpg,cerda_012,11
dataset_procesado\cerda_001\20260317_133413_039.jpg,cerda_001,0
dataset_procesado\cerda_001\.trashed-1776432378-20260317_132100_017.jpg,cerda_001,0
dataset_procesado\cerda_012\20260317_132434_041.jpg,cerda_012,11
dataset_procesado\cerda_012\.trashed-1776432231-20260317_132532_015.jpg,cerda_012,11
dataset_procesado\cerda_007\20260317_134206_085.jpg,cerda_007,6
dataset_procesado\cerda_001\20260317_133413_073.jpg,cerda_001,0
dataset_procesado\cerda_002\20260317_133446_042.jpg,cerda_002,1
dataset_procesado\cerda_012\.trashed-1776432378-20260317_132447_055.jpg,cerda_012,11
dataset_procesado\cerda_001\20260320_135731_032.jpg,cerda_001,0
dataset_procesado\cerda_012\20260317_132551_033.jpg,cerda_012,11
dataset_procesado\cerda_012\.trashed-1776432375-20260317_132439_010.jpg,cerda_012,11
dataset_procesado\cerda_010\20260320_141042.jpg,cerda_010,9
dataset_procesado\cerda_001\.trashed-1776432377-20260317_132359_045.jpg,cerda_001,0
dataset_procesado\cerda_012\20260320_134930_002.jpg,cerda_012,11
dataset_procesado\cerda_002\20260317_133422_030.jpg,cerda_002,1
dataset_procesado\cerda_002\20260317_133428_031.jpg,cerda_002,1
dataset_procesado\cerda_005\20250511_104613_022.jpg,cerda_005,4
dataset_procesado\cerda_001\.trashed-1776432376-20260317_132351_041.jpg,cerda_001,0
dataset_procesado\cerda_012\IMG-20250420-WA0132.jpg,cerda_012,11
dataset_procesado\cerda_007\20260317_134206_042.jpg,cerda_007,6
dataset_procesado\cerda_002\20260317_133511(0).jpg,cerda_002,1
dataset_procesado\cerda_012\20260317_132511_005.jpg,cerda_012,11
dataset_procesado\cerda_001\.trashed-1776432380-20260317_132351_005.jpg,cerda_001,0
dataset_procesado\cerda_002\20260317_133422_004.jpg,cerda_002,1
dataset_procesado\cerda_012\20260317_132551_058.jpg,cerda_012,11
dataset_procesado\cerda_001\20260320_135731_015.jpg,cerda_001,0
dataset_procesado\cerda_012\20260317_132551_028.jpg,cerda_012,11
dataset_procesado\cerda_002\20260317_133458_022.jpg,cerda_002,1
dataset_procesado\cerda_002\20260317_133601_019.jpg,cerda_002,1
dataset_procesado\cerda_001\20260317_133413_030.jpg,cerda_001,0
dataset_procesado\cerda_005\20250511_104602_024.jpg,cerda_005,4
dataset_procesado\cerda_012\.trashed-1776432377-20260317_131430.jpg,cerda_012,11
dataset_procesado\cerda_012\.trashed-1776432378-20260317_132511_027.jpg,cerda_012,11
dataset_procesado\cerda_004\20260320_140729.jpg,cerda_004,3
dataset_procesado\cerda_012\.trashed-1776432378-20260317_132434_061.jpg,cerda_012,11
dataset_procesado\cerda_001\.trashed-1776432380-20260317_132328_071.jpg,cerda_001,0
dataset_procesado\cerda_012\.trashed-1776432231-20260317_132532_081.jpg,cerda_012,11
dataset_procesado\cerda_001\.trashed-1776432376-20260317_132406_051.jpg,cerda_001,0
dataset_procesado\cerda_012\.trashed-1776432230-20260317_132546_029.jpg,cerda_012,11
dataset_procesado\cerda_012\20260317_132532_022.jpg,cerda_012,11
dataset_procesado\cerda_012\20260317_132447_002.jpg,cerda_012,11
dataset_procesado\cerda_012\20260317_132434_035.jpg,cerda_012,11
dataset_procesado\cerda_007\20260317_134123_061.jpg,cerda_007,6
dataset_procesado\cerda_011\20260320_141202.jpg,cerda_011,10
dataset_procesado\cerda_012\20260317_132434_044.jpg,cerda_012,11
dataset_procesado\cerda_012\.trashed-1776432231-20260317_132551_030.jpg,cerda_012,11
dataset_procesado\cerda_012\20260317_132439_001.jpg,cerda_012,11
dataset_procesado\cerda_012\.trashed-1776432381-20260317_132511_053.jpg,cerda_012,11
dataset_procesado\cerda_012\20260401_111025.jpg,cerda_012,11
dataset_procesado\cerda_001\20260317_132406_014.jpg,cerda_001,0
dataset_procesado\cerda_012\.trashed-1776432379-20260317_132439_014.jpg,cerda_012,11
dataset_procesado\cerda_007\20260317_134108.jpg,cerda_007,6
dataset_procesado\cerda_012\.trashed-1776432377-20260317_132434_055.jpg,cerda_012,11
dataset_procesado\cerda_001\20260317_133413_010.jpg,cerda_001,0
dataset_procesado\cerda_001\.trashed-1776432379-20260317_132406_016.jpg,cerda_001,0
dataset_procesado\cerda_012\20260317_132532_041.jpg,cerda_012,11
dataset_procesado\cerda_007\20260317_134123_033.jpg,cerda_007,6
dataset_procesado\cerda_001\.trashed-1776432377-20260317_132340_083.jpg,cerda_001,0
dataset_procesado\cerda_012\20260320_134821.jpg,cerda_012,11
dataset_procesado\cerda_012\20260320_134916_027.jpg,cerda_012,11
dataset_procesado\cerda_001\20260401_111332_003.jpg,cerda_001,0
dataset_procesado\cerda_012\20260401_111041_013.jpg,cerda_012,11
dataset_procesado\cerda_012\IMG-20250420-WA0135.jpg,cerda_012,11
dataset_procesado\cerda_002\20260317_133626_008.jpg,cerda_002,1
dataset_procesado\cerda_012\.trashed-1776432378-20260317_132434_006.jpg,cerda_012,11
dataset_procesado\cerda_001\.trashed-1776432378-20260317_132351_021.jpg,cerda_001,0
dataset_procesado\cerda_012\.trashed-1776432378-20260317_132511_028.jpg,cerda_012,11
dataset_procesado\cerda_012\20260317_132447_026.jpg,cerda_012,11
dataset_procesado\cerda_005\20250511_104602_025.jpg,cerda_005,4
dataset_procesado\cerda_001\.trashed-1776432380-20260317_132359_032.jpg,cerda_001,0
dataset_procesado\cerda_003\20260320_142032_010.jpg,cerda_003,2
dataset_procesado\cerda_008\20260320_142320.jpg,cerda_008,7
dataset_procesado\cerda_001\.trashed-1776432375-20260317_132100_078.jpg,cerda_001,0
dataset_procesado\cerda_012\20260317_132551_066.jpg,cerda_012,11
dataset_procesado\cerda_002\20260317_133502_004.jpg,cerda_002,1
dataset_procesado\cerda_001\.trashed-1776432379-20260317_132328_011.jpg,cerda_001,0
dataset_procesado\cerda_008\20260320_142334.jpg,cerda_008,7
dataset_procesado\cerda_012\.trashed-1776432375-20260317_132439_003.jpg,cerda_012,11
dataset_procesado\cerda_001\.trashed-1776432380-20260317_132328_087.jpg,cerda_001,0
dataset_procesado\cerda_001\.trashed-1776432376-20260317_132242_046.jpg,cerda_001,0
dataset_procesado\cerda_001\20260317_133413_044.jpg,cerda_001,0
dataset_procesado\cerda_001\.trashed-1776432377-20260317_132340_084.jpg,cerda_001,0
dataset_procesado\cerda_002\20260317_133422_054.jpg,cerda_002,1
dataset_procesado\cerda_012\.trashed-1776432379-20260317_132439_043.jpg,cerda_012,11
dataset_procesado\cerda_004\20260320_140756.jpg,cerda_004,3
dataset_procesado\cerda_001\.trashed-1776432379-20260317_132242_090.jpg,cerda_001,0
dataset_procesado\cerda_011\20260320_141214.jpg,cerda_011,10
dataset_procesado\cerda_007\20260317_134123_059.jpg,cerda_007,6
dataset_procesado\cerda_001\20260401_111332_016.jpg,cerda_001,0
dataset_procesado\cerda_012\20260317_132551_004.jpg,cerda_012,11
dataset_procesado\cerda_012\20260317_132546_054.jpg,cerda_012,11
dataset_procesado\cerda_012\.trashed-1776432231-20260317_132551_021.jpg,cerda_012,11
dataset_procesado\cerda_012\.trashed-1776432229-20260317_132500_016.jpg,cerda_012,11
dataset_procesado\cerda_007\20260320_141655_008.jpg,cerda_007,6
dataset_procesado\cerda_012\.trashed-1776432230-20260317_132546_024.jpg,cerda_012,11
dataset_procesado\cerda_012\20260317_132551_039.jpg,cerda_012,11
dataset_procesado\cerda_002\20260317_133552.jpg,cerda_002,1
dataset_procesado\cerda_001\.trashed-1776432376-20260317_132359_054.jpg,cerda_001,0
dataset_procesado\cerda_004\20260320_140659.jpg,cerda_004,3
dataset_procesado\cerda_012\.trashed-1776432379-20260317_132434_032.jpg,cerda_012,11
dataset_procesado\cerda_002\20260317_133458_019.jpg,cerda_002,1
dataset_procesado\cerda_001\20260320_135723.jpg,cerda_001,0
dataset_procesado\cerda_007\20260317_134123_041.jpg,cerda_007,6
dataset_procesado\cerda_001\.trashed-1776432380-20260317_132242_044.jpg,cerda_001,0
dataset_procesado\cerda_012\20260317_132439_034.jpg,cerda_012,11
dataset_procesado\cerda_012\20260320_135010.jpg,cerda_012,11
dataset_procesado\cerda_012\.trashed-1776432381-20260317_132511_058.jpg,cerda_012,11
dataset_procesado\cerda_012\.trashed-1776432229-20260317_132518_014.jpg,cerda_012,11
dataset_procesado\cerda_007\20260320_141655_012.jpg,cerda_007,6
dataset_procesado\cerda_012\.trashed-1776432230-20260317_132500_034.jpg,cerda_012,11
dataset_procesado\cerda_001\.trashed-1776432378-20260317_132340_015.jpg,cerda_001,0
dataset_procesado\cerda_012\20260317_132500_042.jpg,cerda_012,11
dataset_procesado\cerda_012\.trashed-1776432231-20260317_132546_069.jpg,cerda_012,11
dataset_procesado\cerda_012\20260317_132434_007.jpg,cerda_012,11
dataset_procesado\cerda_004\IMG-20250420-WA0067.jpg,cerda_004,3
dataset_procesado\cerda_012\20260317_132447_042.jpg,cerda_012,11
dataset_procesado\cerda_002\20260317_133528_042.jpg,cerda_002,1
dataset_procesado\cerda_012\20260317_132439_030.jpg,cerda_012,11
dataset_procesado\cerda_005\20250511_104613_008.jpg,cerda_005,4
dataset_procesado\cerda_002\20260317_133435_010.jpg,cerda_002,1
dataset_procesado\cerda_001\.trashed-1776432379-20260317_132351_051.jpg,cerda_001,0
dataset_procesado\cerda_001\.trashed-1776432375-20260317_132100_059.jpg,cerda_001,0
dataset_procesado\cerda_005\20250511_104602_004.jpg,cerda_005,4
dataset_procesado\cerda_011\20260320_141305_001.jpg,cerda_011,10
dataset_procesado\cerda_001\.trashed-1776432377-20260317_132359_013.jpg,cerda_001,0
dataset_procesado\cerda_012\.trashed-1776432378-20260317_132434_046.jpg,cerda_012,11
dataset_procesado\cerda_005\20250511_104618_006.jpg,cerda_005,4
dataset_procesado\cerda_012\20260317_132500_020.jpg,cerda_012,11
dataset_procesado\cerda_012\.trashed-1776432381-20260317_132511_045.jpg,cerda_012,11
dataset_procesado\cerda_012\.trashed-1776432231-20260317_132551_013.jpg,cerda_012,11
dataset_procesado\cerda_001\.trashed-1776432378-20260317_132100_005.jpg,cerda_001,0
dataset_procesado\cerda_001\.trashed-1776432379-20260317_132242_058.jpg,cerda_001,0
dataset_procesado\cerda_007\20260317_134045_001.jpg,cerda_007,6
dataset_procesado\cerda_006\IMG-20250420-WA0007.jpg,cerda_006,5
dataset_procesado\cerda_001\.trashed-1776432375-20260317_132233_006.jpg,cerda_001,0
dataset_procesado\cerda_004\IMG-20250420-WA0051.jpg,cerda_004,3
dataset_procesado\cerda_001\20260320_135731_007.jpg,cerda_001,0
dataset_procesado\cerda_012\20260317_132500_052.jpg,cerda_012,11
dataset_procesado\cerda_007\20260317_134206_078.jpg,cerda_007,6
dataset_procesado\cerda_012\20260317_132551_038.jpg,cerda_012,11
dataset_procesado\cerda_012\20260317_132546_064.jpg,cerda_012,11
dataset_procesado\cerda_007\20260320_141703_021.jpg,cerda_007,6
dataset_procesado\cerda_012\20260317_132439_019.jpg,cerda_012,11
dataset_procesado\cerda_012\.trashed-1776432377-20260317_132511_004.jpg,cerda_012,11
dataset_procesado\cerda_005\20250511_104735_020.jpg,cerda_005,4
dataset_procesado\cerda_012\.trashed-1776432230-20260317_132500_022.jpg,cerda_012,11
dataset_procesado\cerda_001\20260317_133411_008.jpg,cerda_001,0
dataset_procesado\cerda_005\20250511_104735_023.jpg,cerda_005,4
dataset_procesado\cerda_005\20250511_104558_020.jpg,cerda_005,4
dataset_procesado\cerda_002\20260317_133458_005.jpg,cerda_002,1
dataset_procesado\cerda_002\20260317_133542_011.jpg,cerda_002,1
dataset_procesado\cerda_012\.trashed-1776432231-20260317_132551_003.jpg,cerda_012,11
dataset_procesado\cerda_007\20260317_134206_076.jpg,cerda_007,6
dataset_procesado\cerda_001\.trashed-1776432379-20260317_132351_078.jpg,cerda_001,0
dataset_procesado\cerda_003\20260320_141959_019.jpg,cerda_003,2
dataset_procesado\cerda_012\20260317_132511_056.jpg,cerda_012,11
dataset_procesado\cerda_012\.trashed-1776432231-20260317_132551_037.jpg,cerda_012,11
dataset_procesado\cerda_001\.trashed-1776432380-20260317_132340_065.jpg,cerda_001,0
dataset_procesado\cerda_001\.trashed-1776432375-20260317_132233_005.jpg,cerda_001,0
dataset_procesado\cerda_005\20250511_104602_012.jpg,cerda_005,4
dataset_procesado\cerda_003\20260320_142042_002.jpg,cerda_003,2
dataset_procesado\cerda_012\.trashed-1776432231-20260317_132551_059.jpg,cerda_012,11
dataset_procesado\cerda_002\20260317_133446_034.jpg,cerda_002,1
dataset_procesado\cerda_002\20260317_133538_034.jpg,cerda_002,1
dataset_procesado\cerda_012\20260317_132551_006.jpg,cerda_012,11
dataset_procesado\cerda_002\20260317_133422_009.jpg,cerda_002,1
dataset_procesado\cerda_012\20260320_134909_008.jpg,cerda_012,11
dataset_procesado\cerda_002\20260317_133422_093.jpg,cerda_002,1
dataset_procesado\cerda_007\20260317_134206_069.jpg,cerda_007,6
dataset_procesado\cerda_002\20260317_133538_005.jpg,cerda_002,1
dataset_procesado\cerda_001\20260317_133413_065.jpg,cerda_001,0
dataset_procesado\cerda_012\.trashed-1776432375-20260317_132434_045.jpg,cerda_012,11
dataset_procesado\cerda_001\.trashed-1776432380-20260317_132351_024.jpg,cerda_001,0
dataset_procesado\cerda_002\20260317_133428_048.jpg,cerda_002,1
dataset_procesado\cerda_001\.trashed-1776432380-20260317_132340_018.jpg,cerda_001,0
dataset_procesado\cerda_012\.trashed-1776432229-20260317_132551_064.jpg,cerda_012,11
dataset_procesado\cerda_012\20260317_132434_017.jpg,cerda_012,11
dataset_procesado\cerda_012\20260320_134722.jpg,cerda_012,11
dataset_procesado\cerda_003\20260320_141959_022.jpg,cerda_003,2
dataset_procesado\cerda_001\20260401_111337_011.jpg,cerda_001,0
dataset_procesado\cerda_001\.trashed-1776432376-20260317_132323_007.jpg,cerda_001,0
dataset_procesado\cerda_012\20260317_132500_039.jpg,cerda_012,11
dataset_procesado\cerda_001\20260401_111332_007.jpg,cerda_001,0
dataset_procesado\cerda_012\20260317_132532_030.jpg,cerda_012,11
dataset_procesado\cerda_005\20250511_104602_006.jpg,cerda_005,4
dataset_procesado\cerda_001\20260320_135715.jpg,cerda_001,0
dataset_procesado\cerda_012\20260320_134909_006.jpg,cerda_012,11
dataset_procesado\cerda_012\.trashed-1776432230-20260317_132546_019.jpg,cerda_012,11
dataset_procesado\cerda_012\20260317_132434_061.jpg,cerda_012,11
dataset_procesado\cerda_012\20260317_132546_008.jpg,cerda_012,11
dataset_procesado\cerda_001\.trashed-1776432375-20260317_132323_036.jpg,cerda_001,0
dataset_procesado\cerda_001\.trashed-1776432378-20260317_132017.jpg,cerda_001,0
dataset_procesado\cerda_008\20260320_142335_013.jpg,cerda_008,7
dataset_procesado\cerda_002\20260317_133542_010.jpg,cerda_002,1
dataset_procesado\cerda_001\20260401_111337_004.jpg,cerda_001,0
dataset_procesado\cerda_001\.trashed-1776432380-20260317_132340_047.jpg,cerda_001,0
dataset_procesado\cerda_001\.trashed-1776432380-20260317_132406_066.jpg,cerda_001,0
dataset_procesado\cerda_001\20260317_132406_004.jpg,cerda_001,0
dataset_procesado\cerda_012\20260317_132434_004.jpg,cerda_012,11
dataset_procesado\cerda_004\20260320_140720_021.jpg,cerda_004,3
dataset_procesado\cerda_006\IMG-20250420-WA0018.jpg,cerda_006,5
dataset_procesado\cerda_012\20260317_132542_002.jpg,cerda_012,11
dataset_procesado\cerda_012\.trashed-1776432231-20260317_132546_055.jpg,cerda_012,11
dataset_procesado\cerda_006\IMG-20250420-WA0037.jpg,cerda_006,5
dataset_procesado\cerda_012\.trashed-1776432378-20260317_132447_004.jpg,cerda_012,11
dataset_procesado\cerda_002\20260317_133458_010.jpg,cerda_002,1
dataset_procesado\cerda_012\.trashed-1776432230-20260317_132546_016.jpg,cerda_012,11
dataset_procesado\cerda_012\.trashed-1776432230-20260317_132546_001.jpg,cerda_012,11
dataset_procesado\cerda_012\.trashed-1776432378-20260317_132447_031.jpg,cerda_012,11
dataset_procesado\cerda_006\IMG-20250420-WA0020.jpg,cerda_006,5
dataset_procesado\cerda_007\20260317_134123_056.jpg,cerda_007,6
dataset_procesado\cerda_012\.trashed-1776432375-20260317_132511_031.jpg,cerda_012,11
dataset_procesado\cerda_007\20260317_134105.jpg,cerda_007,6
dataset_procesado\cerda_002\20260317_133435_016.jpg,cerda_002,1
dataset_procesado\cerda_001\.trashed-1776432378-20260317_132233_017.jpg,cerda_001,0
dataset_procesado\cerda_012\20260401_111041_025.jpg,cerda_012,11
dataset_procesado\cerda_001\.trashed-1776432380-20260317_132340_037.jpg,cerda_001,0
dataset_procesado\cerda_002\20260317_133528_008.jpg,cerda_002,1
dataset_procesado\cerda_012\.trashed-1776432381-20260317_132447_044.jpg,cerda_012,11
dataset_procesado\cerda_012\20260317_132434_045.jpg,cerda_012,11
dataset_procesado\cerda_011\20260320_141309_011.jpg,cerda_011,10
dataset_procesado\cerda_012\20260317_132546_026.jpg,cerda_012,11
dataset_procesado\cerda_001\.trashed-1776432376-20260317_132242_033.jpg,cerda_001,0
dataset_procesado\cerda_012\.trashed-1776432229-20260317_132551_071.jpg,cerda_012,11
dataset_procesado\cerda_002\20260317_133422_061.jpg,cerda_002,1
dataset_procesado\cerda_012\.trashed-1776432230-20260317_132546_015.jpg,cerda_012,11
dataset_procesado\cerda_012\20260317_132532_006.jpg,cerda_012,11
dataset_procesado\cerda_001\.trashed-1776432378-20260317_132100_007.jpg,cerda_001,0
dataset_procesado\cerda_006\IMG-20250420-WA0025.jpg,cerda_006,5
dataset_procesado\cerda_003\20260320_141923.jpg,cerda_003,2
dataset_procesado\cerda_012\.trashed-1776432231-20260317_132542_001.jpg,cerda_012,11
dataset_procesado\cerda_002\20260317_133601_008.jpg,cerda_002,1
dataset_procesado\cerda_009\20260320_140328.jpg,cerda_009,8
dataset_procesado\cerda_001\.trashed-1776432379-20260317_132242_055.jpg,cerda_001,0
dataset_procesado\cerda_001\20260317_133413_045.jpg,cerda_001,0
dataset_procesado\cerda_012\20260317_132434_012.jpg,cerda_012,11
dataset_procesado\cerda_001\20260317_133413_009.jpg,cerda_001,0
dataset_procesado\cerda_012\20260317_132551_021.jpg,cerda_012,11
dataset_procesado\cerda_001\20260401_111337_007.jpg,cerda_001,0
dataset_procesado\cerda_006\IMG-20250420-WA0005.jpg,cerda_006,5
dataset_procesado\cerda_001\.trashed-1776432377-20260317_132406_011.jpg,cerda_001,0
dataset_procesado\cerda_005\20250511_104735_019.jpg,cerda_005,4
dataset_procesado\cerda_001\.trashed-1776432375-20260317_132100_084.jpg,cerda_001,0
dataset_procesado\cerda_002\20260317_133422_052.jpg,cerda_002,1
dataset_procesado\cerda_002\20260317_133626_005.jpg,cerda_002,1
dataset_procesado\cerda_001\.trashed-1776432376-20260317_132242_049.jpg,cerda_001,0
dataset_procesado\cerda_012\.trashed-1776432229-20260317_132551_070.jpg,cerda_012,11
dataset_procesado\cerda_005\20250511_104602_019.jpg,cerda_005,4
dataset_procesado\cerda_002\20260317_133601_030.jpg,cerda_002,1
dataset_procesado\cerda_012\.trashed-1776432230-20260317_132500_058.jpg,cerda_012,11
dataset_procesado\cerda_004\20260320_140815.jpg,cerda_004,3
dataset_procesado\cerda_002\20260317_133458_025.jpg,cerda_002,1
dataset_procesado\cerda_001\.trashed-1776432375-20260317_132328_023.jpg,cerda_001,0
dataset_procesado\cerda_001\20260401_111332_014.jpg,cerda_001,0
dataset_procesado\cerda_001\.trashed-1776432379-20260317_132242_059.jpg,cerda_001,0
dataset_procesado\cerda_007\20260317_134123_026.jpg,cerda_007,6
dataset_procesado\cerda_005\20250511_104558_005.jpg,cerda_005,4
dataset_procesado\cerda_001\.trashed-1776432380-20260317_132340_059.jpg,cerda_001,0
dataset_procesado\cerda_002\20260317_133428_016.jpg,cerda_002,1
dataset_procesado\cerda_012\20260401_111041_002.jpg,cerda_012,11
dataset_procesado\cerda_007\20260317_134123_012.jpg,cerda_007,6
dataset_procesado\cerda_001\20260317_132406_046.jpg,cerda_001,0
dataset_procesado\cerda_008\20260320_142338_018.jpg,cerda_008,7
dataset_procesado\cerda_002\20260317_133422_079.jpg,cerda_002,1
dataset_procesado\cerda_002\20260317_133428_027.jpg,cerda_002,1
dataset_procesado\cerda_001\.trashed-1776432380-20260317_132242_041.jpg,cerda_001,0
dataset_procesado\cerda_001\.trashed-1776432377-20260317_132359_048.jpg,cerda_001,0
dataset_procesado\cerda_012\.trashed-1776432229-20260317_132532_007.jpg,cerda_012,11
dataset_procesado\cerda_001\20260317_132406_005.jpg,cerda_001,0
dataset_procesado\cerda_002\20260317_133428_007.jpg,cerda_002,1
dataset_procesado\cerda_001\.trashed-1776432377-20260317_132328_092.jpg,cerda_001,0
dataset_procesado\cerda_012\.trashed-1776432378-20260317_132447_054.jpg,cerda_012,11
dataset_procesado\cerda_007\20260317_134059.jpg,cerda_007,6
dataset_procesado\cerda_006\IMG-20250420-WA0003.jpg,cerda_006,5
dataset_procesado\cerda_012\20260320_134916_004.jpg,cerda_012,11
dataset_procesado\cerda_001\.trashed-1776432376-20260317_132351_050.jpg,cerda_001,0
dataset_procesado\cerda_001\.trashed-1776432376-20260317_132242_038.jpg,cerda_001,0
dataset_procesado\cerda_004\20260320_140720_001.jpg,cerda_004,3
dataset_procesado\cerda_001\20260320_135731_030.jpg,cerda_001,0
dataset_procesado\cerda_003\20260320_141902.jpg,cerda_003,2
dataset_procesado\cerda_005\20250511_104602_032.jpg,cerda_005,4
dataset_procesado\cerda_001\.trashed-1776432380-20260317_132328_054.jpg,cerda_001,0
dataset_procesado\cerda_001\20260317_133413_082.jpg,cerda_001,0
dataset_procesado\cerda_007\20260320_141655_030.jpg,cerda_007,6
dataset_procesado\cerda_012\20260317_132511_024.jpg,cerda_012,11
dataset_procesado\cerda_007\20260320_141526.jpg,cerda_007,6
dataset_procesado\cerda_002\20260317_133601_042.jpg,cerda_002,1
dataset_procesado\cerda_012\.trashed-1776432379-20260317_132439_008.jpg,cerda_012,11
dataset_procesado\cerda_001\20260320_140936.jpg,cerda_001,0
dataset_procesado\cerda_012\20260317_132500_034.jpg,cerda_012,11
dataset_procesado\cerda_001\.trashed-1776432380-20260317_132340_062.jpg,cerda_001,0
dataset_procesado\cerda_002\20260317_133446_009.jpg,cerda_002,1
dataset_procesado\cerda_001\.trashed-1776432377-20260317_132359_033.jpg,cerda_001,0
dataset_procesado\cerda_001\20260317_132406_002.jpg,cerda_001,0
dataset_procesado\cerda_005\20250511_104602_039.jpg,cerda_005,4
dataset_procesado\cerda_007\20260320_141655_019.jpg,cerda_007,6
dataset_procesado\cerda_012\20260401_111049.jpg,cerda_012,11
dataset_procesado\cerda_001\.trashed-1776432378-20260317_132351_003.jpg,cerda_001,0
dataset_procesado\cerda_008\20260320_142335_015.jpg,cerda_008,7
dataset_procesado\cerda_002\20260317_133422_015.jpg,cerda_002,1
dataset_procesado\cerda_012\.trashed-1776432379-20260317_132434_048.jpg,cerda_012,11
dataset_procesado\cerda_008\20260320_142335_016.jpg,cerda_008,7
dataset_procesado\cerda_001\.trashed-1776432376-20260317_132242_018.jpg,cerda_001,0
dataset_procesado\cerda_002\20260317_133422_066.jpg,cerda_002,1
dataset_procesado\cerda_002\20260317_133601_040.jpg,cerda_002,1
dataset_procesado\cerda_012\.trashed-1776432231-20260317_132546_076.jpg,cerda_012,11
dataset_procesado\cerda_001\.trashed-1776432375-20260317_132100_041.jpg,cerda_001,0
dataset_procesado\cerda_001\.trashed-1776432376-20260317_132323_012.jpg,cerda_001,0
dataset_procesado\cerda_001\20260317_133411_001.jpg,cerda_001,0
dataset_procesado\cerda_012\20260317_132546_030.jpg,cerda_012,11
dataset_procesado\cerda_011\20260320_141309_001.jpg,cerda_011,10
dataset_procesado\cerda_012\20260317_132542_029.jpg,cerda_012,11
dataset_procesado\cerda_001\20260317_133413_068.jpg,cerda_001,0
dataset_procesado\cerda_002\20260317_133428_010.jpg,cerda_002,1
dataset_procesado\cerda_012\.trashed-1776432231-20260317_132546_041.jpg,cerda_012,11
dataset_procesado\cerda_001\20260317_133413_043.jpg,cerda_001,0
dataset_procesado\cerda_001\.trashed-1776432376-20260317_132359_046.jpg,cerda_001,0
dataset_procesado\cerda_001\.trashed-1776432380-20260317_132328_081.jpg,cerda_001,0
dataset_procesado\cerda_001\20260320_135748.jpg,cerda_001,0
dataset_procesado\cerda_012\IMG-20250420-WA0172.jpg,cerda_012,11
dataset_procesado\cerda_012\.trashed-1776432375-20260317_132511_047.jpg,cerda_012,11
dataset_procesado\cerda_002\20260317_133458_039.jpg,cerda_002,1
dataset_procesado\cerda_002\20260317_133528_036.jpg,cerda_002,1
dataset_procesado\cerda_007\20260317_134206_072.jpg,cerda_007,6
dataset_procesado\cerda_002\20260317_133446_005.jpg,cerda_002,1
dataset_procesado\cerda_012\20260317_132434_065.jpg,cerda_012,11
dataset_procesado\cerda_004\20260320_140733.jpg,cerda_004,3
dataset_procesado\cerda_012\20260317_132447_036.jpg,cerda_012,11
dataset_procesado\cerda_012\.trashed-1776432231-20260317_132551_036.jpg,cerda_012,11
dataset_procesado\cerda_008\20260320_142335_021.jpg,cerda_008,7
dataset_procesado\cerda_006\IMG-20250420-WA0035.jpg,cerda_006,5
dataset_procesado\cerda_012\20260317_132532_085.jpg,cerda_012,11
dataset_procesado\cerda_012\20260317_132500_029.jpg,cerda_012,11
dataset_procesado\cerda_001\20260317_132359_051.jpg,cerda_001,0
dataset_procesado\cerda_012\20260317_132546_050.jpg,cerda_012,11
dataset_procesado\cerda_008\20260320_142259.jpg,cerda_008,7
dataset_procesado\cerda_012\.trashed-1776432231-20260317_132551_022.jpg,cerda_012,11
dataset_procesado\cerda_005\20250511_104558_036.jpg,cerda_005,4
dataset_procesado\cerda_001\.trashed-1776432376-20260317_132242_017.jpg,cerda_001,0
dataset_procesado\cerda_003\20260317_133811_001.jpg,cerda_003,2
dataset_procesado\cerda_001\20260401_111337_001.jpg,cerda_001,0
dataset_procesado\cerda_005\20250511_104658.jpg,cerda_005,4
dataset_procesado\cerda_005\20250511_104602_018.jpg,cerda_005,4
dataset_procesado\cerda_002\20260317_133528_029.jpg,cerda_002,1
dataset_procesado\cerda_002\20260317_133422_088.jpg,cerda_002,1
dataset_procesado\cerda_012\.trashed-1776432230-20260317_132500_010.jpg,cerda_012,11
dataset_procesado\cerda_002\20260317_133528_017.jpg,cerda_002,1
dataset_procesado\cerda_012\20260317_132511_020.jpg,cerda_012,11
dataset_procesado\cerda_004\20260320_140629.jpg,cerda_004,3
dataset_procesado\cerda_002\20260317_133538_015.jpg,cerda_002,1
dataset_procesado\cerda_007\20260317_134206_030.jpg,cerda_007,6
dataset_procesado\cerda_012\20260317_132551_030.jpg,cerda_012,11
dataset_procesado\cerda_012\20260317_132532_079.jpg,cerda_012,11
dataset_procesado\cerda_012\20260317_132434_053.jpg,cerda_012,11
dataset_procesado\cerda_001\20260401_111337_010.jpg,cerda_001,0
dataset_procesado\cerda_001\.trashed-1776432380-20260317_132328_047.jpg,cerda_001,0
dataset_procesado\cerda_001\.trashed-1776432375-20260317_132233_011.jpg,cerda_001,0
dataset_procesado\cerda_001\.trashed-1776432377-20260317_132340_010.jpg,cerda_001,0
dataset_procesado\cerda_001\20260317_132406_035.jpg,cerda_001,0
dataset_procesado\cerda_002\20260317_133422_051.jpg,cerda_002,1
dataset_procesado\cerda_012\20260320_134916_013.jpg,cerda_012,11
dataset_procesado\cerda_012\IMG-20250420-WA0145.jpg,cerda_012,11
dataset_procesado\cerda_012\20260317_132551_043.jpg,cerda_012,11
dataset_procesado\cerda_012\.trashed-1776432381-20260317_132511_039.jpg,cerda_012,11
dataset_procesado\cerda_001\.trashed-1776432377-20260317_132406_006.jpg,cerda_001,0
dataset_procesado\cerda_012\20260317_132532_083.jpg,cerda_012,11
dataset_procesado\cerda_012\20260317_132542_006.jpg,cerda_012,11
dataset_procesado\cerda_001\.trashed-1776432376-20260317_132100_029.jpg,cerda_001,0
dataset_procesado\cerda_012\.trashed-1776432231-20260317_132532_001.jpg,cerda_012,11
dataset_procesado\cerda_012\20260317_132546_058.jpg,cerda_012,11
dataset_procesado\cerda_001\.trashed-1776432376-20260317_132242_027.jpg,cerda_001,0
dataset_procesado\cerda_002\20260317_133547.jpg,cerda_002,1
dataset_procesado\cerda_003\20260317_133837.jpg,cerda_003,2
dataset_procesado\cerda_012\.trashed-1776432379-20260317_132511_003.jpg,cerda_012,11
dataset_procesado\cerda_012\20260317_132551_050.jpg,cerda_012,11
dataset_procesado\cerda_002\20260317_133428_057.jpg,cerda_002,1
dataset_procesado\cerda_001\20260317_133411_004.jpg,cerda_001,0
dataset_procesado\cerda_012\20260317_132439_045.jpg,cerda_012,11
dataset_procesado\cerda_012\20260320_134930_019.jpg,cerda_012,11
dataset_procesado\cerda_012\20260317_132511_010.jpg,cerda_012,11
dataset_procesado\cerda_001\.trashed-1776432377-20260317_132406_062.jpg,cerda_001,0
dataset_procesado\cerda_001\.trashed-1776432376-20260317_132100_050.jpg,cerda_001,0
dataset_procesado\cerda_012\.trashed-1776432381-20260317_132511_057.jpg,cerda_012,11
dataset_procesado\cerda_012\20260317_132511_021.jpg,cerda_012,11
dataset_procesado\cerda_001\20260401_111332_001.jpg,cerda_001,0
dataset_procesado\cerda_001\.trashed-1776432376-20260317_132359_035.jpg,cerda_001,0
dataset_procesado\cerda_002\20260317_133622_003.jpg,cerda_002,1
dataset_procesado\cerda_001\.trashed-1776432375-20260317_132328_022.jpg,cerda_001,0
dataset_procesado\cerda_001\.trashed-1776432376-20260317_132323_021.jpg,cerda_001,0
dataset_procesado\cerda_004\20260320_140816.jpg,cerda_004,3
dataset_procesado\cerda_012\.trashed-1776432230-20260317_132500_036.jpg,cerda_012,11
dataset_procesado\cerda_012\.trashed-1776432230-20260317_132532_067.jpg,cerda_012,11
dataset_procesado\cerda_001\20260317_133413_049.jpg,cerda_001,0
dataset_procesado\cerda_007\20260320_141703_014.jpg,cerda_007,6
dataset_procesado\cerda_001\.trashed-1776432375-20260317_132328_026.jpg,cerda_001,0
dataset_procesado\cerda_001\20260320_135731_009.jpg,cerda_001,0
dataset_procesado\cerda_012\.trashed-1776432231-20260317_132551_051.jpg,cerda_012,11
dataset_procesado\cerda_005\20250511_104618_002.jpg,cerda_005,4
dataset_procesado\cerda_012\20260317_132532_064.jpg,cerda_012,11
dataset_procesado\cerda_007\20260320_141539.jpg,cerda_007,6
dataset_procesado\cerda_012\20260317_132532_081.jpg,cerda_012,11
dataset_procesado\cerda_012\20260317_132551_074.jpg,cerda_012,11
dataset_procesado\cerda_002\20260317_133422_053.jpg,cerda_002,1
dataset_procesado\cerda_012\20260317_132511_049.jpg,cerda_012,11
dataset_procesado\cerda_002\20260317_133601_037.jpg,cerda_002,1
dataset_procesado\cerda_007\20260320_141625_009.jpg,cerda_007,6
dataset_procesado\cerda_012\IMG-20250420-WA0161.jpg,cerda_012,11
dataset_procesado\cerda_001\20260320_135730.jpg,cerda_001,0
dataset_procesado\cerda_012\20260317_132439_044.jpg,cerda_012,11
dataset_procesado\cerda_012\20260317_132546_025.jpg,cerda_012,11
dataset_procesado\cerda_012\20260401_111105.jpg,cerda_012,11
dataset_procesado\cerda_012\.trashed-1776432231-20260317_132551_061.jpg,cerda_012,11
dataset_procesado\cerda_012\20260317_132439_037.jpg,cerda_012,11
dataset_procesado\cerda_012\.trashed-1776432230-20260317_132542_008.jpg,cerda_012,11
dataset_procesado\cerda_002\20260317_133542_002.jpg,cerda_002,1
dataset_procesado\cerda_002\20260317_133538_016.jpg,cerda_002,1
dataset_procesado\cerda_001\.trashed-1776432378-20260317_132233_032.jpg,cerda_001,0
dataset_procesado\cerda_004\20260320_140720_011.jpg,cerda_004,3
dataset_procesado\cerda_012\20260317_132447_018.jpg,cerda_012,11
dataset_procesado\cerda_001\.trashed-1776432380-20260317_132340_013.jpg,cerda_001,0
dataset_procesado\cerda_005\20250511_104735_022.jpg,cerda_005,4
dataset_procesado\cerda_007\20260320_141655_003.jpg,cerda_007,6
dataset_procesado\cerda_004\IMG-20250420-WA0062.jpg,cerda_004,3
dataset_procesado\cerda_012\.trashed-1776432381-20260317_132511_049.jpg,cerda_012,11
dataset_procesado\cerda_012\20260317_132532_061.jpg,cerda_012,11
dataset_procesado\cerda_012\20260317_132500_049.jpg,cerda_012,11
dataset_procesado\cerda_001\.trashed-1776432380-20260317_132351_093.jpg,cerda_001,0
dataset_procesado\cerda_012\20260317_132511_007.jpg,cerda_012,11
dataset_procesado\cerda_001\.trashed-1776432380-20260317_132340_066.jpg,cerda_001,0
dataset_procesado\cerda_001\.trashed-1776432376-20260317_132100_021.jpg,cerda_001,0
dataset_procesado\cerda_012\.trashed-1776432230-20260317_132546_013.jpg,cerda_012,11
dataset_procesado\cerda_012\20260317_132439_040.jpg,cerda_012,11
dataset_procesado\cerda_012\20260317_132500_031.jpg,cerda_012,11
dataset_procesado\cerda_001\.trashed-1776432376-20260317_132242_098.jpg,cerda_001,0
dataset_procesado\cerda_001\.trashed-1776432375-20260317_132323_023.jpg,cerda_001,0
dataset_procesado\cerda_012\20260317_132546_038.jpg,cerda_012,11
dataset_procesado\cerda_005\20250511_104735_015.jpg,cerda_005,4
dataset_procesado\cerda_002\20260317_133528_007.jpg,cerda_002,1
dataset_procesado\cerda_007\20260317_134206_062.jpg,cerda_007,6
dataset_procesado\cerda_001\.trashed-1776432380-20260317_132340_042.jpg,cerda_001,0
dataset_procesado\cerda_009\20260320_140342.jpg,cerda_009,8
dataset_procesado\cerda_012\.trashed-1776432230-20260317_132500_063.jpg,cerda_012,11
dataset_procesado\cerda_005\20250511_104735_017.jpg,cerda_005,4
dataset_procesado\cerda_012\20260317_132546_057.jpg,cerda_012,11
dataset_procesado\cerda_012\20260317_132500_066.jpg,cerda_012,11
dataset_procesado\cerda_001\20260317_132406_024.jpg,cerda_001,0
dataset_procesado\cerda_007\20260317_134148.jpg,cerda_007,6
dataset_procesado\cerda_001\.trashed-1776432376-20260317_132242_015.jpg,cerda_001,0
dataset_procesado\cerda_002\20260317_133446_001.jpg,cerda_002,1
dataset_procesado\cerda_012\20260317_132447_016.jpg,cerda_012,11
dataset_procesado\cerda_001\.trashed-1776432377-20260317_132340_060.jpg,cerda_001,0
dataset_procesado\cerda_001\.trashed-1776432377-20260317_132351_046.jpg,cerda_001,0
dataset_procesado\cerda_007\20260317_134206_073.jpg,cerda_007,6
dataset_procesado\cerda_008\20260320_142335_007.jpg,cerda_008,7
dataset_procesado\cerda_001\20260317_133413_071.jpg,cerda_001,0
dataset_procesado\cerda_012\.trashed-1776432231-20260317_132546_058.jpg,cerda_012,11
dataset_procesado\cerda_012\.trashed-1776432375-20260317_132434_051.jpg,cerda_012,11
dataset_procesado\cerda_005\20250511_104618_007.jpg,cerda_005,4
dataset_procesado\cerda_002\20260317_133428_026.jpg,cerda_002,1
dataset_procesado\cerda_001\.trashed-1776432376-20260317_132100_048.jpg,cerda_001,0
dataset_procesado\cerda_001\20260317_132359_058.jpg,cerda_001,0
dataset_procesado\cerda_003\20260320_142032_004.jpg,cerda_003,2
dataset_procesado\cerda_001\.trashed-1776432380-20260317_132328_082.jpg,cerda_001,0
dataset_procesado\cerda_001\.trashed-1776432377-20260317_132351_002.jpg,cerda_001,0
dataset_procesado\cerda_001\.trashed-1776432378-20260317_132340_092.jpg,cerda_001,0
dataset_procesado\cerda_001\20260320_135731_016.jpg,cerda_001,0
dataset_procesado\cerda_012\20260317_132439_011.jpg,cerda_012,11
dataset_procesado\cerda_007\20260317_134123_015.jpg,cerda_007,6
dataset_procesado\cerda_002\20260317_133428_020.jpg,cerda_002,1
dataset_procesado\cerda_012\.trashed-1776432375-20260317_132511_052.jpg,cerda_012,11
dataset_procesado\cerda_001\20260401_111332_004.jpg,cerda_001,0
dataset_procesado\cerda_001\.trashed-1776432377-20260317_132340_048.jpg,cerda_001,0
dataset_procesado\cerda_012\20260317_132434_052.jpg,cerda_012,11
dataset_procesado\cerda_012\20260317_132511_019.jpg,cerda_012,11
dataset_procesado\cerda_001\.trashed-1776432379-20260317_132359_020.jpg,cerda_001,0
dataset_procesado\cerda_012\.trashed-1776432375-20260317_132447_049.jpg,cerda_012,11
dataset_procesado\cerda_001\.trashed-1776432378-20260317_132351_016.jpg,cerda_001,0
dataset_procesado\cerda_004\IMG-20250420-WA0073.jpg,cerda_004,3
dataset_procesado\cerda_001\20260317_132406_054.jpg,cerda_001,0
dataset_procesado\cerda_008\20260320_142335_012.jpg,cerda_008,7
dataset_procesado\cerda_002\20260317_133542.jpg,cerda_002,1
dataset_procesado\cerda_003\20260317_133903.jpg,cerda_003,2
dataset_procesado\cerda_005\20250511_104558_033.jpg,cerda_005,4
dataset_procesado\cerda_007\20260317_134206_049.jpg,cerda_007,6
dataset_procesado\cerda_012\20260320_134940_013.jpg,cerda_012,11
dataset_procesado\cerda_001\.trashed-1776432376-20260317_132100_026.jpg,cerda_001,0
dataset_procesado\cerda_012\20260317_132532_048.jpg,cerda_012,11
dataset_procesado\cerda_007\20260317_134206_097.jpg,cerda_007,6
dataset_procesado\cerda_007\20260317_134040_001.jpg,cerda_007,6
dataset_procesado\cerda_001\20260317_132406_012.jpg,cerda_001,0
dataset_procesado\cerda_008\20260320_142338_007.jpg,cerda_008,7
dataset_procesado\cerda_004\IMG-20250420-WA0063.jpg,cerda_004,3
dataset_procesado\cerda_001\20260317_133413_061.jpg,cerda_001,0
dataset_procesado\cerda_012\.trashed-1776432375-20260317_132511_022.jpg,cerda_012,11
dataset_procesado\cerda_012\20260317_132511_055.jpg,cerda_012,11
dataset_procesado\cerda_006\IMG-20250420-WA0006.jpg,cerda_006,5
dataset_procesado\cerda_012\.trashed-1776432375-20260317_132447_014.jpg,cerda_012,11
dataset_procesado\cerda_005\20250511_104602_015.jpg,cerda_005,4
dataset_procesado\cerda_012\20260317_132500_057.jpg,cerda_012,11
dataset_procesado\cerda_012\.trashed-1776432231-20260317_132551_009.jpg,cerda_012,11
dataset_procesado\cerda_001\.trashed-1776432376-20260317_132323_008.jpg,cerda_001,0
dataset_procesado\cerda_001\.trashed-1776432375-20260317_132328_036.jpg,cerda_001,0
dataset_procesado\cerda_012\IMG-20250420-WA0139.jpg,cerda_012,11
dataset_procesado\cerda_005\20250511_104558_010.jpg,cerda_005,4
dataset_procesado\cerda_007\20260320_141703_018.jpg,cerda_007,6
dataset_procesado\cerda_001\.trashed-1776432380-20260317_132359_023.jpg,cerda_001,0
dataset_procesado\cerda_012\.trashed-1776432377-20260317_132434_065.jpg,cerda_012,11
dataset_procesado\cerda_001\.trashed-1776432376-20260317_132242_003.jpg,cerda_001,0
dataset_procesado\cerda_002\20260317_133428_046.jpg,cerda_002,1
dataset_procesado\cerda_012\IMG-20250420-WA0166.jpg,cerda_012,11
dataset_procesado\cerda_012\.trashed-1776432229-20260317_132500_015.jpg,cerda_012,11
dataset_procesado\cerda_012\20260320_134930_023.jpg,cerda_012,11
dataset_procesado\cerda_001\.trashed-1776432376-20260317_132328_015.jpg,cerda_001,0
dataset_procesado\cerda_007\20260317_134206_094.jpg,cerda_007,6
dataset_procesado\cerda_012\20260317_132500_014.jpg,cerda_012,11
dataset_procesado\cerda_005\20250511_104558_028.jpg,cerda_005,4
dataset_procesado\cerda_005\20250511_104735_013.jpg,cerda_005,4
dataset_procesado\cerda_012\20260317_132551_027.jpg,cerda_012,11
dataset_procesado\cerda_012\.trashed-1776432375-20260317_132434_027.jpg,cerda_012,11
dataset_procesado\cerda_007\20260320_141655_021.jpg,cerda_007,6
dataset_procesado\cerda_001\20260320_135731_018.jpg,cerda_001,0
dataset_procesado\cerda_001\.trashed-1776432380-20260317_132359_049.jpg,cerda_001,0
dataset_procesado\cerda_001\.trashed-1776432375-20260317_132328_032.jpg,cerda_001,0
dataset_procesado\cerda_001\20260317_132406_051.jpg,cerda_001,0
dataset_procesado\cerda_001\.trashed-1776432380-20260317_132340_099.jpg,cerda_001,0
dataset_procesado\cerda_002\20260317_133601_032.jpg,cerda_002,1
dataset_procesado\cerda_012\.trashed-1776432230-20260317_132546_010.jpg,cerda_012,11
dataset_procesado\cerda_012\.trashed-1776432230-20260317_132546_027.jpg,cerda_012,11
dataset_procesado\cerda_004\IMG-20250420-WA0078.jpg,cerda_004,3
dataset_procesado\cerda_012\20260317_132511_048.jpg,cerda_012,11
dataset_procesado\cerda_012\20260317_132434_046.jpg,cerda_012,11
dataset_procesado\cerda_002\20260317_133422_007.jpg,cerda_002,1
dataset_procesado\cerda_003\20260320_142032_006.jpg,cerda_003,2
dataset_procesado\cerda_001\.trashed-1776432376-20260317_132359_010.jpg,cerda_001,0
dataset_procesado\cerda_012\.trashed-1776432378-20260317_132439_002.jpg,cerda_012,11
dataset_procesado\cerda_001\.trashed-1776432380-20260317_132351_073.jpg,cerda_001,0
dataset_procesado\cerda_012\20260320_134916_028.jpg,cerda_012,11
dataset_procesado\cerda_001\.trashed-1776432377-20260317_132340_097.jpg,cerda_001,0
dataset_procesado\cerda_001\.trashed-1776432380-20260317_132328_091.jpg,cerda_001,0
dataset_procesado\cerda_002\20260317_133601_006.jpg,cerda_002,1
dataset_procesado\cerda_012\.trashed-1776432231-20260317_132532_054.jpg,cerda_012,11
dataset_procesado\cerda_003\20260320_142029_003.jpg,cerda_003,2
dataset_procesado\cerda_001\.trashed-1776432380-20260317_132340_038.jpg,cerda_001,0
dataset_procesado\cerda_001\.trashed-1776432378-20260317_132100_010.jpg,cerda_001,0
dataset_procesado\cerda_012\20260401_111100.jpg,cerda_012,11
dataset_procesado\cerda_012\20260320_134909_007.jpg,cerda_012,11
dataset_procesado\cerda_012\.trashed-1776432230-20260317_132532_053.jpg,cerda_012,11
dataset_procesado\cerda_001\20260401_111332_005.jpg,cerda_001,0
dataset_procesado\cerda_012\20260317_132434_026.jpg,cerda_012,11
dataset_procesado\cerda_002\20260317_133601_029.jpg,cerda_002,1
dataset_procesado\cerda_001\.trashed-1776432377-20260317_132351_047.jpg,cerda_001,0
dataset_procesado\cerda_001\.trashed-1776432377-20260317_132359_029.jpg,cerda_001,0
dataset_procesado\cerda_001\.trashed-1776432379-20260317_132359_002.jpg,cerda_001,0
dataset_procesado\cerda_002\20260317_133601_027.jpg,cerda_002,1
dataset_procesado\cerda_012\20260317_132546_023.jpg,cerda_012,11
dataset_procesado\cerda_008\20260320_142335_017.jpg,cerda_008,7
dataset_procesado\cerda_005\20250511_104602_023.jpg,cerda_005,4
dataset_procesado\cerda_012\20260317_132532_067.jpg,cerda_012,11
dataset_procesado\cerda_002\20260317_133502_009.jpg,cerda_002,1
dataset_procesado\cerda_012\20260317_132500_038.jpg,cerda_012,11
dataset_procesado\cerda_012\20260317_132551_009.jpg,cerda_012,11
dataset_procesado\cerda_002\20260317_133601_044.jpg,cerda_002,1
dataset_procesado\cerda_012\20260317_132434_040.jpg,cerda_012,11
dataset_procesado\cerda_001\.trashed-1776432376-20260317_132242_011.jpg,cerda_001,0
dataset_procesado\cerda_001\.trashed-1776432376-20260317_132242_092.jpg,cerda_001,0
dataset_procesado\cerda_002\20260317_133422_071.jpg,cerda_002,1
dataset_procesado\cerda_012\20260317_132434_025.jpg,cerda_012,11
dataset_procesado\cerda_001\.trashed-1776432376-20260317_132242_047.jpg,cerda_001,0
dataset_procesado\cerda_001\.trashed-1776432379-20260317_132242_095.jpg,cerda_001,0
dataset_procesado\cerda_002\20260317_133422_049.jpg,cerda_002,1
dataset_procesado\cerda_012\20260317_132500_059.jpg,cerda_012,11
dataset_procesado\cerda_007\20260320_141703_024.jpg,cerda_007,6
dataset_procesado\cerda_002\20260317_133428_052.jpg,cerda_002,1
dataset_procesado\cerda_001\20260320_135721.jpg,cerda_001,0
dataset_procesado\cerda_001\.trashed-1776432379-20260317_132242_052.jpg,cerda_001,0
dataset_procesado\cerda_001\.trashed-1776432380-20260317_132340_039.jpg,cerda_001,0
dataset_procesado\cerda_012\.trashed-1776432230-20260317_132546_003.jpg,cerda_012,11
dataset_procesado\cerda_002\20260317_133422_064.jpg,cerda_002,1
dataset_procesado\cerda_006\IMG-20250420-WA0024.jpg,cerda_006,5
dataset_procesado\cerda_001\20260317_133413_005.jpg,cerda_001,0
dataset_procesado\cerda_001\20260317_133413_032.jpg,cerda_001,0
dataset_procesado\cerda_012\.trashed-1776432229-20260317_132518_013.jpg,cerda_012,11
dataset_procesado\cerda_012\.trashed-1776432377-20260317_131434.jpg,cerda_012,11
dataset_procesado\cerda_002\20260317_133435_017.jpg,cerda_002,1
dataset_procesado\cerda_005\20250511_104602_033.jpg,cerda_005,4
dataset_procesado\cerda_012\.trashed-1776432229-20260317_132518_001.jpg,cerda_012,11
dataset_procesado\cerda_002\20260317_133622_007.jpg,cerda_002,1
dataset_procesado\cerda_005\20250511_104547.jpg,cerda_005,4
dataset_procesado\cerda_012\20260320_134724.jpg,cerda_012,11
dataset_procesado\cerda_012\.trashed-1776432230-20260317_132532_061.jpg,cerda_012,11
dataset_procesado\cerda_012\20260317_132439_025.jpg,cerda_012,11
dataset_procesado\cerda_012\20260317_132546_013.jpg,cerda_012,11
dataset_procesado\cerda_012\20260317_132447_001.jpg,cerda_012,11
dataset_procesado\cerda_004\20260320_140720_015.jpg,cerda_004,3
dataset_procesado\cerda_001\.trashed-1776432376-20260317_132100_057.jpg,cerda_001,0
dataset_procesado\cerda_012\.trashed-1776432229-20260317_132542_011.jpg,cerda_012,11
dataset_procesado\cerda_001\.trashed-1776432379-20260317_132242_070.jpg,cerda_001,0
dataset_procesado\cerda_001\.trashed-1776432375-20260317_132233_018.jpg,cerda_001,0
dataset_procesado\cerda_012\20260317_132434_008.jpg,cerda_012,11
dataset_procesado\cerda_012\20260317_132447_052.jpg,cerda_012,11
dataset_procesado\cerda_012\.trashed-1776432379-20260317_132439_026.jpg,cerda_012,11
dataset_procesado\cerda_012\20260317_132447_031.jpg,cerda_012,11
dataset_procesado\cerda_012\20260317_132546_001.jpg,cerda_012,11
dataset_procesado\cerda_007\20260320_141703_032.jpg,cerda_007,6
dataset_procesado\cerda_012\20260317_132447_020.jpg,cerda_012,11
dataset_procesado\cerda_001\.trashed-1776432377-20260317_132406_042.jpg,cerda_001,0
dataset_procesado\cerda_012\20260317_132532_051.jpg,cerda_012,11
dataset_procesado\cerda_012\20260317_132511_042.jpg,cerda_012,11
dataset_procesado\cerda_002\20260317_133458_007.jpg,cerda_002,1
dataset_procesado\cerda_001\.trashed-1776432379-20260317_132242_063.jpg,cerda_001,0
dataset_procesado\cerda_012\.trashed-1776432231-20260317_132546_031.jpg,cerda_012,11
dataset_procesado\cerda_005\20250511_104558_024.jpg,cerda_005,4
dataset_procesado\cerda_012\20260320_134930_011.jpg,cerda_012,11
dataset_procesado\cerda_001\20260317_132406.jpg,cerda_001,0
dataset_procesado\cerda_004\20260320_140720_022.jpg,cerda_004,3
dataset_procesado\cerda_004\20260320_140720_007.jpg,cerda_004,3
dataset_procesado\cerda_001\.trashed-1776432379-20260317_132406_034.jpg,cerda_001,0
dataset_procesado\cerda_007\20260317_134206_050.jpg,cerda_007,6
dataset_procesado\cerda_012\20260317_132546_053.jpg,cerda_012,11
dataset_procesado\cerda_012\.trashed-1776432230-20260317_132546_022.jpg,cerda_012,11
dataset_procesado\cerda_005\20250511_104558_046.jpg,cerda_005,4
dataset_procesado\cerda_002\20260317_133422_091.jpg,cerda_002,1
dataset_procesado\cerda_012\20260317_132447_023.jpg,cerda_012,11
dataset_procesado\cerda_003\20260320_141959_002.jpg,cerda_003,2
dataset_procesado\cerda_011\20260320_141305_004.jpg,cerda_011,10
dataset_procesado\cerda_005\20250511_104638_001.jpg,cerda_005,4
dataset_procesado\cerda_001\.trashed-1776432380-20260317_132351_013.jpg,cerda_001,0
dataset_procesado\cerda_002\20260317_133622_014.jpg,cerda_002,1
dataset_procesado\cerda_012\.trashed-1776432231-20260317_132546_060.jpg,cerda_012,11
dataset_procesado\cerda_002\20260317_133622_002.jpg,cerda_002,1
dataset_procesado\cerda_012\.trashed-1776432378-20260317_132439_038.jpg,cerda_012,11
dataset_procesado\cerda_005\20250511_104607.jpg,cerda_005,4
dataset_procesado\cerda_012\20260401_111023.jpg,cerda_012,11
dataset_procesado\cerda_002\20260317_133601_043.jpg,cerda_002,1
dataset_procesado\cerda_012\IMG-20250420-WA0136.jpg,cerda_012,11
dataset_procesado\cerda_012\.trashed-1776432377-20260317_131546.jpg,cerda_012,11
dataset_procesado\cerda_012\20260320_134930_033.jpg,cerda_012,11
dataset_procesado\cerda_012\.trashed-1776432378-20260317_132447_005.jpg,cerda_012,11
dataset_procesado\cerda_012\.trashed-1776432231-20260317_132518_015.jpg,cerda_012,11
dataset_procesado\cerda_007\20260320_141655_016.jpg,cerda_007,6
dataset_procesado\cerda_001\.trashed-1776432376-20260317_132242_016.jpg,cerda_001,0
dataset_procesado\cerda_012\20260317_132434_002.jpg,cerda_012,11
dataset_procesado\cerda_012\.trashed-1776432381-20260317_132439_032.jpg,cerda_012,11
dataset_procesado\cerda_012\IMG-20250420-WA0174.jpg,cerda_012,11
dataset_procesado\cerda_012\20260401_111041_029.jpg,cerda_012,11
dataset_procesado\cerda_012\.trashed-1776432378-20260317_132447_028.jpg,cerda_012,11
dataset_procesado\cerda_004\20260320_140720_014.jpg,cerda_004,3
dataset_procesado\cerda_001\.trashed-1776432379-20260317_132359_014.jpg,cerda_001,0
dataset_procesado\cerda_002\20260317_133542_003.jpg,cerda_002,1
dataset_procesado\cerda_012\.trashed-1776432378-20260317_132447_047.jpg,cerda_012,11
dataset_procesado\cerda_012\20260401_111027(0).jpg,cerda_012,11
dataset_procesado\cerda_012\20260317_132434_043.jpg,cerda_012,11
dataset_procesado\cerda_012\.trashed-1776432230-20260317_132500_001.jpg,cerda_012,11
dataset_procesado\cerda_002\20260317_133422_008.jpg,cerda_002,1
dataset_procesado\cerda_007\20260317_134206_095.jpg,cerda_007,6
dataset_procesado\cerda_012\20260317_132542_017.jpg,cerda_012,11
dataset_procesado\cerda_012\20260320_134940_002.jpg,cerda_012,11
dataset_procesado\cerda_003\20260320_142029_011.jpg,cerda_003,2
dataset_procesado\cerda_012\.trashed-1776432231-20260317_132532_037.jpg,cerda_012,11
dataset_procesado\cerda_012\.trashed-1776432230-20260317_132532_030.jpg,cerda_012,11
dataset_procesado\cerda_012\20260317_132434_062.jpg,cerda_012,11
dataset_procesado\cerda_002\20260317_133542_013.jpg,cerda_002,1
dataset_procesado\cerda_001\20260317_132406_025.jpg,cerda_001,0
dataset_procesado\cerda_012\20260317_132542_025.jpg,cerda_012,11
dataset_procesado\cerda_001\.trashed-1776432380-20260317_132340_098.jpg,cerda_001,0
dataset_procesado\cerda_012\.trashed-1776432230-20260317_132532_045.jpg,cerda_012,11
dataset_procesado\cerda_012\.trashed-1776432229-20260317_132542_003.jpg,cerda_012,11
dataset_procesado\cerda_005\20250511_104558_012.jpg,cerda_005,4
dataset_procesado\cerda_012\.trashed-1776432231-20260317_132546_073.jpg,cerda_012,11
dataset_procesado\cerda_001\.trashed-1776432380-20260317_132328_053.jpg,cerda_001,0
dataset_procesado\cerda_012\20260317_132447_035.jpg,cerda_012,11
dataset_procesado\cerda_001\.trashed-1776432377-20260317_132340_054.jpg,cerda_001,0
dataset_procesado\cerda_001\.trashed-1776432377-20260317_132340_034.jpg,cerda_001,0
dataset_procesado\cerda_012\IMG-20250420-WA0170.jpg,cerda_012,11
dataset_procesado\cerda_003\20260320_141959_020.jpg,cerda_003,2
dataset_procesado\cerda_012\.trashed-1776432231-20260317_132551_010.jpg,cerda_012,11
dataset_procesado\cerda_012\.trashed-1776432230-20260317_132532_079.jpg,cerda_012,11
dataset_procesado\cerda_002\20260317_133422_092.jpg,cerda_002,1
dataset_procesado\cerda_001\.trashed-1776432375-20260317_132100_065.jpg,cerda_001,0
dataset_procesado\cerda_001\.trashed-1776432379-20260317_132242_022.jpg,cerda_001,0
dataset_procesado\cerda_012\20260317_132546_005.jpg,cerda_012,11
dataset_procesado\cerda_001\.trashed-1776432375-20260317_132100_064.jpg,cerda_001,0
dataset_procesado\cerda_008\20260320_142335_014.jpg,cerda_008,7
dataset_procesado\cerda_002\20260317_133601_026.jpg,cerda_002,1
dataset_procesado\cerda_012\.trashed-1776432378-20260317_132439_021.jpg,cerda_012,11
dataset_procesado\cerda_002\20260317_133422_057.jpg,cerda_002,1
dataset_procesado\cerda_001\.trashed-1776432376-20260317_132242_075.jpg,cerda_001,0
dataset_procesado\cerda_001\.trashed-1776432379-20260317_132242_093.jpg,cerda_001,0
dataset_procesado\cerda_005\20250511_104540.jpg,cerda_005,4
dataset_procesado\cerda_012\.trashed-1776432378-20260317_132511_020.jpg,cerda_012,11
dataset_procesado\cerda_002\20260317_133435_018.jpg,cerda_002,1
dataset_procesado\cerda_012\.trashed-1776432379-20260317_132439_028.jpg,cerda_012,11
dataset_procesado\cerda_001\.trashed-1776432376-20260317_132323_004.jpg,cerda_001,0
dataset_procesado\cerda_011\20260320_141249.jpg,cerda_011,10
dataset_procesado\cerda_001\20260317_133413_019.jpg,cerda_001,0
dataset_procesado\cerda_012\20260317_132546_011.jpg,cerda_012,11
dataset_procesado\cerda_001\.trashed-1776432378-20260317_132100_009.jpg,cerda_001,0
dataset_procesado\cerda_012\.trashed-1776432229-20260317_132500_017.jpg,cerda_012,11
dataset_procesado\cerda_012\.trashed-1776432230-20260317_132542_014.jpg,cerda_012,11
dataset_procesado\cerda_001\.trashed-1776432376-20260317_132100_022.jpg,cerda_001,0
dataset_procesado\cerda_012\.trashed-1776432375-20260317_132434_025.jpg,cerda_012,11
dataset_procesado\cerda_012\20260317_132542_016.jpg,cerda_012,11
dataset_procesado\cerda_002\20260317_133538_011.jpg,cerda_002,1
dataset_procesado\cerda_005\20250511_104558_006.jpg,cerda_005,4
dataset_procesado\cerda_002\20260317_133422_032.jpg,cerda_002,1
dataset_procesado\cerda_003\20260320_141959_042.jpg,cerda_003,2
dataset_procesado\cerda_001\20260317_133411_003.jpg,cerda_001,0
dataset_procesado\cerda_001\.trashed-1776432380-20260317_132359_043.jpg,cerda_001,0
dataset_procesado\cerda_012\.trashed-1776432377-20260317_131521.jpg,cerda_012,11
dataset_procesado\cerda_002\20260317_133538_019.jpg,cerda_002,1
dataset_procesado\cerda_005\20250511_104558_018.jpg,cerda_005,4
dataset_procesado\cerda_012\.trashed-1776432378-20260317_132439_031.jpg,cerda_012,11
dataset_procesado\cerda_001\.trashed-1776432379-20260317_132359_056.jpg,cerda_001,0
dataset_procesado\cerda_001\20260317_133411_006.jpg,cerda_001,0
dataset_procesado\cerda_012\.trashed-1776432230-20260317_132542_015.jpg,cerda_012,11
dataset_procesado\cerda_005\20250511_104706.jpg,cerda_005,4
dataset_procesado\cerda_012\20260317_132434_013.jpg,cerda_012,11
dataset_procesado\cerda_005\20250511_104602_001.jpg,cerda_005,4
dataset_procesado\cerda_012\.trashed-1776432378-20260317_132434_037.jpg,cerda_012,11
dataset_procesado\cerda_007\20260317_134053.jpg,cerda_007,6
dataset_procesado\cerda_003\20260320_141959_044.jpg,cerda_003,2
dataset_procesado\cerda_010\20260320_140130.jpg,cerda_010,9
dataset_procesado\cerda_012\20260317_132532_063.jpg,cerda_012,11
dataset_procesado\cerda_012\.trashed-1776432378-20260317_132434_049.jpg,cerda_012,11
dataset_procesado\cerda_012\.trashed-1776432229-20260317_132532_047.jpg,cerda_012,11
dataset_procesado\cerda_002\20260317_133428_058.jpg,cerda_002,1
dataset_procesado\cerda_012\20260317_132546_004.jpg,cerda_012,11
dataset_procesado\cerda_012\.trashed-1776432228-20260317_132542_018.jpg,cerda_012,11
dataset_procesado\cerda_001\.trashed-1776432380-20260317_132406_053.jpg,cerda_001,0
dataset_procesado\cerda_012\.trashed-1776432375-20260317_132434_028.jpg,cerda_012,11
dataset_procesado\cerda_002\20260317_133422_045.jpg,cerda_002,1
dataset_procesado\cerda_012\.trashed-1776432378-20260317_132447_029.jpg,cerda_012,11
dataset_procesado\cerda_012\.trashed-1776432229-20260317_132551_068.jpg,cerda_012,11
dataset_procesado\cerda_004\20260320_140740.jpg,cerda_004,3
dataset_procesado\cerda_011\20260320_141332(0).jpg,cerda_011,10
dataset_procesado\cerda_002\20260317_133422_023.jpg,cerda_002,1
dataset_procesado\cerda_012\.trashed-1776432229-20260317_132500_004.jpg,cerda_012,11
dataset_procesado\cerda_005\20250511_104735_018.jpg,cerda_005,4
dataset_procesado\cerda_007\20260317_134123_068.jpg,cerda_007,6
dataset_procesado\cerda_001\.trashed-1776432375-20260317_132100_067.jpg,cerda_001,0
dataset_procesado\cerda_012\.trashed-1776432231-20260317_132532_062.jpg,cerda_012,11
dataset_procesado\cerda_012\20260320_134930_029.jpg,cerda_012,11
dataset_procesado\cerda_004\IMG-20250420-WA0055.jpg,cerda_004,3
dataset_procesado\cerda_002\20260317_133622_010.jpg,cerda_002,1
dataset_procesado\cerda_001\20260317_132406_061.jpg,cerda_001,0
dataset_procesado\cerda_001\.trashed-1776432380-20260317_132351_040.jpg,cerda_001,0
dataset_procesado\cerda_003\20260320_142029_001.jpg,cerda_003,2
dataset_procesado\cerda_001\.trashed-1776432377-20260317_132351_027.jpg,cerda_001,0
dataset_procesado\cerda_006\IMG-20250420-WA0032.jpg,cerda_006,5
dataset_procesado\cerda_004\20260320_140720_006.jpg,cerda_004,3
dataset_procesado\cerda_001\.trashed-1776432376-20260317_132100_025.jpg,cerda_001,0
dataset_procesado\cerda_002\20260317_133428_049.jpg,cerda_002,1
dataset_procesado\cerda_012\.trashed-1776432375-20260317_132511_056.jpg,cerda_012,11
dataset_procesado\cerda_012\20260317_132447_014.jpg,cerda_012,11
dataset_procesado\cerda_011\20260320_141309_013.jpg,cerda_011,10
dataset_procesado\cerda_012\.trashed-1776432229-20260317_132500_060.jpg,cerda_012,11
dataset_procesado\cerda_004\IMG-20250420-WA0084.jpg,cerda_004,3
dataset_procesado\cerda_005\20250511_104558_040.jpg,cerda_005,4
dataset_procesado\cerda_011\20260320_141332.jpg,cerda_011,10
dataset_procesado\cerda_001\.trashed-1776432380-20260317_132340_090.jpg,cerda_001,0
dataset_procesado\cerda_004\IMG-20250420-WA0076.jpg,cerda_004,3
dataset_procesado\cerda_012\20260320_134930_001.jpg,cerda_012,11
dataset_procesado\cerda_012\20260317_132546_076.jpg,cerda_012,11
dataset_procesado\cerda_001\20260317_133413_017.jpg,cerda_001,0
dataset_procesado\cerda_002\20260317_133446_043.jpg,cerda_002,1
dataset_procesado\cerda_007\20260320_141703_002.jpg,cerda_007,6
dataset_procesado\cerda_012\20260401_111041_010.jpg,cerda_012,11
dataset_procesado\cerda_012\.trashed-1776432381-20260317_132447_038.jpg,cerda_012,11
dataset_procesado\cerda_005\20250511_104558_042.jpg,cerda_005,4
dataset_procesado\cerda_008\20260320_142316.jpg,cerda_008,7
dataset_procesado\cerda_012\IMG-20250420-WA0153.jpg,cerda_012,11
dataset_procesado\cerda_002\20260317_133428_019.jpg,cerda_002,1
dataset_procesado\cerda_001\20260317_132359_059.jpg,cerda_001,0
dataset_procesado\cerda_012\.trashed-1776432375-20260317_132511_060.jpg,cerda_012,11
dataset_procesado\cerda_007\20260317_134150.jpg,cerda_007,6
dataset_procesado\cerda_002\20260317_133422_025.jpg,cerda_002,1
dataset_procesado\cerda_001\20260320_135731_004.jpg,cerda_001,0
dataset_procesado\cerda_012\.trashed-1776432231-20260317_132551_060.jpg,cerda_012,11
dataset_procesado\cerda_012\20260317_132551_037.jpg,cerda_012,11
dataset_procesado\cerda_007\20260320_141634.jpg,cerda_007,6
dataset_procesado\cerda_002\20260317_133607.jpg,cerda_002,1
dataset_procesado\cerda_012\20260317_132500_026.jpg,cerda_012,11
dataset_procesado\cerda_004\20260320_140631.jpg,cerda_004,3
dataset_procesado\cerda_012\20260317_132511_033.jpg,cerda_012,11
dataset_procesado\cerda_002\20260317_133542_015.jpg,cerda_002,1
dataset_procesado\cerda_012\.trashed-1776432375-20260317_132447_022.jpg,cerda_012,11
dataset_procesado\cerda_007\20260320_141559.jpg,cerda_007,6
dataset_procesado\cerda_002\20260317_133422_080.jpg,cerda_002,1
dataset_procesado\cerda_012\20260320_134817.jpg,cerda_012,11
dataset_procesado\cerda_001\.trashed-1776432378-20260317_132340_020.jpg,cerda_001,0
dataset_procesado\cerda_012\.trashed-1776432231-20260317_132551_031.jpg,cerda_012,11
dataset_procesado\cerda_001\.trashed-1776432377-20260317_132328_076.jpg,cerda_001,0
dataset_procesado\cerda_001\.trashed-1776432375-20260317_132233_010.jpg,cerda_001,0
dataset_procesado\cerda_001\20260401_111332_011.jpg,cerda_001,0
dataset_procesado\cerda_012\20260401_111041_028.jpg,cerda_012,11
dataset_procesado\cerda_012\20260317_132518_006.jpg,cerda_012,11
dataset_procesado\cerda_001\20260317_133413_016.jpg,cerda_001,0
dataset_procesado\cerda_001\20260317_132406_042.jpg,cerda_001,0
dataset_procesado\cerda_006\IMG-20250420-WA0039.jpg,cerda_006,5
dataset_procesado\cerda_012\20260320_134940_004.jpg,cerda_012,11
dataset_procesado\cerda_012\20260317_132551_003.jpg,cerda_012,11
dataset_procesado\cerda_012\.trashed-1776432230-20260317_132532_052.jpg,cerda_012,11
dataset_procesado\cerda_012\IMG-20250420-WA0138.jpg,cerda_012,11
dataset_procesado\cerda_001\.trashed-1776432380-20260317_132328_084.jpg,cerda_001,0
dataset_procesado\cerda_012\.trashed-1776432231-20260317_132551_058.jpg,cerda_012,11
dataset_procesado\cerda_012\20260317_132518_019.jpg,cerda_012,11
dataset_procesado\cerda_012\.trashed-1776432230-20260317_132546_007.jpg,cerda_012,11
dataset_procesado\cerda_012\20260320_135020.jpg,cerda_012,11
dataset_procesado\cerda_012\20260317_132546_059.jpg,cerda_012,11
dataset_procesado\cerda_001\.trashed-1776432377-20260317_132340_088.jpg,cerda_001,0
dataset_procesado\cerda_005\20250511_104735_011.jpg,cerda_005,4
dataset_procesado\cerda_012\.trashed-1776432231-20260317_132546_048.jpg,cerda_012,11
dataset_procesado\cerda_012\20260317_132551_061.jpg,cerda_012,11
dataset_procesado\cerda_001\.trashed-1776432379-20260317_132323_032.jpg,cerda_001,0
dataset_procesado\cerda_007\20260317_134123_071.jpg,cerda_007,6
dataset_procesado\cerda_012\IMG-20250420-WA0147.jpg,cerda_012,11
dataset_procesado\cerda_012\20260317_132500_058.jpg,cerda_012,11
dataset_procesado\cerda_012\.trashed-1776432231-20260317_132532_002.jpg,cerda_012,11
dataset_procesado\cerda_012\20260317_132434_031.jpg,cerda_012,11
dataset_procesado\cerda_012\.trashed-1776432229-20260317_132551_065.jpg,cerda_012,11
dataset_procesado\cerda_007\20260320_141606.jpg,cerda_007,6
dataset_procesado\cerda_005\20250511_104735_037.jpg,cerda_005,4
dataset_procesado\cerda_007\20260317_134152.jpg,cerda_007,6
dataset_procesado\cerda_001\.trashed-1776432380-20260317_132340_070.jpg,cerda_001,0
dataset_procesado\cerda_007\20260317_134206_051.jpg,cerda_007,6
dataset_procesado\cerda_007\20260317_134206_041.jpg,cerda_007,6
dataset_procesado\cerda_003\20260320_141957.jpg,cerda_003,2
dataset_procesado\cerda_002\20260317_133626_004.jpg,cerda_002,1
dataset_procesado\cerda_007\20260320_141631.jpg,cerda_007,6
dataset_procesado\cerda_012\.trashed-1776432381-20260317_132447_023.jpg,cerda_012,11
dataset_procesado\cerda_005\20250511_104735_007.jpg,cerda_005,4
dataset_procesado\cerda_002\20260317_133502_014.jpg,cerda_002,1
dataset_procesado\cerda_012\.trashed-1776432375-20260317_132511_059.jpg,cerda_012,11
dataset_procesado\cerda_001\.trashed-1776432377-20260317_132351_031.jpg,cerda_001,0
dataset_procesado\cerda_012\.trashed-1776432231-20260317_132532_006.jpg,cerda_012,11
dataset_procesado\cerda_001\20260320_135731_003.jpg,cerda_001,0
dataset_procesado\cerda_012\.trashed-1776432230-20260317_132542_026.jpg,cerda_012,11
dataset_procesado\cerda_001\.trashed-1776432376-20260317_132359_031.jpg,cerda_001,0
dataset_procesado\cerda_005\20250511_104618_005.jpg,cerda_005,4
dataset_procesado\cerda_001\.trashed-1776432380-20260317_132340_019.jpg,cerda_001,0
dataset_procesado\cerda_012\20260317_132439_029.jpg,cerda_012,11
dataset_procesado\cerda_002\20260317_133633.jpg,cerda_002,1
dataset_procesado\cerda_012\.trashed-1776432229-20260317_132532_022.jpg,cerda_012,11
dataset_procesado\cerda_001\.trashed-1776432375-20260317_132233_015.jpg,cerda_001,0
dataset_procesado\cerda_012\20260317_132511_012.jpg,cerda_012,11
dataset_procesado\cerda_012\.trashed-1776432375-20260317_132447_021.jpg,cerda_012,11
dataset_procesado\cerda_012\.trashed-1776432231-20260317_132551_042.jpg,cerda_012,11
dataset_procesado\cerda_012\20260317_132546_044.jpg,cerda_012,11
dataset_procesado\cerda_001\.trashed-1776432378-20260317_131959.jpg,cerda_001,0
dataset_procesado\cerda_007\20260317_134123_062.jpg,cerda_007,6
dataset_procesado\cerda_005\20250511_104735_003.jpg,cerda_005,4
dataset_procesado\cerda_012\20260320_135002.jpg,cerda_012,11
dataset_procesado\cerda_002\20260317_133456.jpg,cerda_002,1
dataset_procesado\cerda_012\.trashed-1776432231-20260317_132532_011.jpg,cerda_012,11
dataset_procesado\cerda_007\20260317_134123_074.jpg,cerda_007,6
dataset_procesado\cerda_012\20250511_105826.jpg,cerda_012,11
dataset_procesado\cerda_001\20260401_111337_005.jpg,cerda_001,0
dataset_procesado\cerda_002\20260317_133458_012.jpg,cerda_002,1
dataset_procesado\cerda_001\.trashed-1776432376-20260317_132100_019.jpg,cerda_001,0
dataset_procesado\cerda_007\20260320_141543.jpg,cerda_007,6
dataset_procesado\cerda_012\20260317_132447_024.jpg,cerda_012,11
dataset_procesado\cerda_005\20250511_104613_007.jpg,cerda_005,4
dataset_procesado\cerda_007\20260317_134140.jpg,cerda_007,6
dataset_procesado\cerda_012\20260401_111133.jpg,cerda_012,11
dataset_procesado\cerda_001\.trashed-1776432380-20260317_132340_076.jpg,cerda_001,0
dataset_procesado\cerda_007\20260317_134123_045.jpg,cerda_007,6
dataset_procesado\cerda_002\20260317_133422_068.jpg,cerda_002,1
dataset_procesado\cerda_012\20260401_111037.jpg,cerda_012,11
dataset_procesado\cerda_012\20260317_132500_027.jpg,cerda_012,11
dataset_procesado\cerda_012\20260320_134940_014.jpg,cerda_012,11
dataset_procesado\cerda_012\20260320_134940_005.jpg,cerda_012,11
dataset_procesado\cerda_007\20260317_134123_019.jpg,cerda_007,6
dataset_procesado\cerda_012\20260317_132500_047.jpg,cerda_012,11
dataset_procesado\cerda_001\20260317_133413_026.jpg,cerda_001,0
dataset_procesado\cerda_012\20260317_132447_025.jpg,cerda_012,11
dataset_procesado\cerda_001\20260317_132359_040.jpg,cerda_001,0
dataset_procesado\cerda_012\.trashed-1776432230-20260317_132532_080.jpg,cerda_012,11
dataset_procesado\cerda_002\20260317_133458_028.jpg,cerda_002,1
dataset_procesado\cerda_012\.trashed-1776432229-20260317_132518_020.jpg,cerda_012,11
dataset_procesado\cerda_012\20260317_132551_069.jpg,cerda_012,11
dataset_procesado\cerda_002\20260317_133458_034.jpg,cerda_002,1
dataset_procesado\cerda_012\20260317_132532_018.jpg,cerda_012,11
dataset_procesado\cerda_007\20260320_141655_006.jpg,cerda_007,6
dataset_procesado\cerda_001\.trashed-1776432375-20260317_132100_043.jpg,cerda_001,0
dataset_procesado\cerda_001\.trashed-1776432375-20260317_132100_066.jpg,cerda_001,0
dataset_procesado\cerda_005\20250511_104735_030.jpg,cerda_005,4
dataset_procesado\cerda_002\20260317_133428_005.jpg,cerda_002,1
dataset_procesado\cerda_001\.trashed-1776432379-20260317_132406_018.jpg,cerda_001,0
dataset_procesado\cerda_012\.trashed-1776432378-20260317_132434_014.jpg,cerda_012,11
dataset_procesado\cerda_012\.trashed-1776432378-20260317_132434_019.jpg,cerda_012,11
dataset_procesado\cerda_003\20260320_142029_004.jpg,cerda_003,2
dataset_procesado\cerda_004\20260320_140806.jpg,cerda_004,3
dataset_procesado\cerda_002\20260317_133428_054.jpg,cerda_002,1
dataset_procesado\cerda_012\20260317_132511_035.jpg,cerda_012,11
dataset_procesado\cerda_007\20260317_134206_039.jpg,cerda_007,6
dataset_procesado\cerda_012\20260401_111038.jpg,cerda_012,11
dataset_procesado\cerda_012\20260317_132439_026.jpg,cerda_012,11
dataset_procesado\cerda_001\.trashed-1776432380-20260317_132359_039.jpg,cerda_001,0
dataset_procesado\cerda_012\20260320_134909_013.jpg,cerda_012,11
dataset_procesado\cerda_012\.trashed-1776432378-20260317_132511_026.jpg,cerda_012,11
dataset_procesado\cerda_002\20260317_133422_021.jpg,cerda_002,1
dataset_procesado\cerda_012\20260401_111041_023.jpg,cerda_012,11
dataset_procesado\cerda_001\.trashed-1776432379-20260317_132406_005.jpg,cerda_001,0
dataset_procesado\cerda_012\.trashed-1776432231-20260317_132546_064.jpg,cerda_012,11
dataset_procesado\cerda_003\20260320_142042_013.jpg,cerda_003,2
dataset_procesado\cerda_001\.trashed-1776432376-20260317_132351_034.jpg,cerda_001,0
dataset_procesado\cerda_012\.trashed-1776432230-20260317_132546_030.jpg,cerda_012,11
dataset_procesado\cerda_007\20260317_134206_079.jpg,cerda_007,6
dataset_procesado\cerda_001\.trashed-1776432376-20260317_132323_002.jpg,cerda_001,0
dataset_procesado\cerda_004\20260320_140813.jpg,cerda_004,3
dataset_procesado\cerda_001\.trashed-1776432380-20260317_132351_055.jpg,cerda_001,0
dataset_procesado\cerda_012\20260317_132511_058.jpg,cerda_012,11
dataset_procesado\cerda_002\20260317_133458_015.jpg,cerda_002,1
dataset_procesado\cerda_012\20260317_132546_055.jpg,cerda_012,11
dataset_procesado\cerda_012\20260317_132500_001.jpg,cerda_012,11
dataset_procesado\cerda_012\20260317_132500_065.jpg,cerda_012,11
dataset_procesado\cerda_012\.trashed-1776432377-20260317_131408.jpg,cerda_012,11
dataset_procesado\cerda_001\.trashed-1776432380-20260317_132406_007.jpg,cerda_001,0
dataset_procesado\cerda_001\.trashed-1776432380-20260317_132340_079.jpg,cerda_001,0
dataset_procesado\cerda_012\.trashed-1776432377-20260317_131514.jpg,cerda_012,11
dataset_procesado\cerda_003\20260320_142042_006.jpg,cerda_003,2
dataset_procesado\cerda_012\.trashed-1776432229-20260317_132551_072.jpg,cerda_012,11
dataset_procesado\cerda_012\.trashed-1776432231-20260317_132546_066.jpg,cerda_012,11
dataset_procesado\cerda_012\20260317_132500_024.jpg,cerda_012,11
dataset_procesado\cerda_002\20260317_133502_005.jpg,cerda_002,1
dataset_procesado\cerda_012\20260317_132511_034.jpg,cerda_012,11
dataset_procesado\cerda_001\.trashed-1776432380-20260317_132351_009.jpg,cerda_001,0
dataset_procesado\cerda_007\20260317_134123_035.jpg,cerda_007,6
dataset_procesado\cerda_012\.trashed-1776432231-20260317_132551_055.jpg,cerda_012,11
dataset_procesado\cerda_007\20260317_134106.jpg,cerda_007,6
dataset_procesado\cerda_012\.trashed-1776432378-20260317_132439_046.jpg,cerda_012,11
dataset_procesado\cerda_001\.trashed-1776432376-20260317_132406_059.jpg,cerda_001,0
dataset_procesado\cerda_002\20260317_133428_012.jpg,cerda_002,1
dataset_procesado\cerda_012\20260317_132500_055.jpg,cerda_012,11
dataset_procesado\cerda_002\20260317_133435_008.jpg,cerda_002,1
dataset_procesado\cerda_002\20260317_133538_032.jpg,cerda_002,1
dataset_procesado\cerda_012\.trashed-1776432231-20260317_132551_040.jpg,cerda_012,11
dataset_procesado\cerda_004\IMG-20250420-WA0057.jpg,cerda_004,3
dataset_procesado\cerda_001\.trashed-1776432380-20260317_132340_095.jpg,cerda_001,0
dataset_procesado\cerda_012\20260317_132518_009.jpg,cerda_012,11
dataset_procesado\cerda_004\IMG-20250420-WA0048.jpg,cerda_004,3
dataset_procesado\cerda_006\IMG-20250420-WA0041.jpg,cerda_006,5
dataset_procesado\cerda_012\20260320_134940_019.jpg,cerda_012,11
dataset_procesado\cerda_001\20260317_132406_049.jpg,cerda_001,0
dataset_procesado\cerda_012\.trashed-1776432377-20260317_132434_062.jpg,cerda_012,11
dataset_procesado\cerda_012\20260320_134909_004.jpg,cerda_012,11
dataset_procesado\cerda_012\.trashed-1776432231-20260317_132532_004.jpg,cerda_012,11
dataset_procesado\cerda_001\.trashed-1776432375-20260317_132323_041.jpg,cerda_001,0
dataset_procesado\cerda_012\20260317_132447_048.jpg,cerda_012,11
dataset_procesado\cerda_005\20250511_104558_029.jpg,cerda_005,4
dataset_procesado\cerda_012\20260317_132511_009.jpg,cerda_012,11
dataset_procesado\cerda_012\.trashed-1776432231-20260317_132551_024.jpg,cerda_012,11
dataset_procesado\cerda_002\20260317_133446_031.jpg,cerda_002,1
dataset_procesado\cerda_007\20260317_134123_029.jpg,cerda_007,6
dataset_procesado\cerda_003\20260320_141959_033.jpg,cerda_003,2
dataset_procesado\cerda_001\.trashed-1776432379-20260317_132323_018.jpg,cerda_001,0
dataset_procesado\cerda_012\.trashed-1776432231-20260317_132500_039.jpg,cerda_012,11
dataset_procesado\cerda_007\20260320_141655_049.jpg,cerda_007,6
dataset_procesado\cerda_003\20260320_142032_012.jpg,cerda_003,2
dataset_procesado\cerda_005\20250511_104735_024.jpg,cerda_005,4
dataset_procesado\cerda_002\20260317_133446_033.jpg,cerda_002,1
dataset_procesado\cerda_007\20260320_141625_008.jpg,cerda_007,6
dataset_procesado\cerda_012\20250511_105842.jpg,cerda_012,11
dataset_procesado\cerda_012\20260317_132511_022.jpg,cerda_012,11
dataset_procesado\cerda_012\20260317_132532_040.jpg,cerda_012,11
dataset_procesado\cerda_002\20260317_133502_001.jpg,cerda_002,1
dataset_procesado\cerda_001\.trashed-1776432377-20260317_132340_026.jpg,cerda_001,0
dataset_procesado\cerda_001\20260317_133413_003.jpg,cerda_001,0
dataset_procesado\cerda_001\.trashed-1776432380-20260317_132328_061.jpg,cerda_001,0
dataset_procesado\cerda_012\.trashed-1776432230-20260317_132542_012.jpg,cerda_012,11
dataset_procesado\cerda_003\20260320_141959_017.jpg,cerda_003,2
dataset_procesado\cerda_001\.trashed-1776432380-20260317_132340_043.jpg,cerda_001,0
dataset_procesado\cerda_012\.trashed-1776432230-20260317_132500_068.jpg,cerda_012,11
dataset_procesado\cerda_002\20260317_133622_006.jpg,cerda_002,1
dataset_procesado\cerda_008\20260320_142335_002.jpg,cerda_008,7
dataset_procesado\cerda_012\.trashed-1776432230-20260317_132500_006.jpg,cerda_012,11
dataset_procesado\cerda_012\20260317_132532_015.jpg,cerda_012,11
dataset_procesado\cerda_003\20260317_133820.jpg,cerda_003,2
dataset_procesado\cerda_007\20260317_134206_071.jpg,cerda_007,6
dataset_procesado\cerda_012\20260317_132511_011.jpg,cerda_012,11
dataset_procesado\cerda_001\.trashed-1776432380-20260317_132340_086.jpg,cerda_001,0
dataset_procesado\cerda_012\.trashed-1776432229-20260317_132551_063.jpg,cerda_012,11
dataset_procesado\cerda_012\20260317_132434_057.jpg,cerda_012,11
dataset_procesado\cerda_007\20260320_141655_045.jpg,cerda_007,6
dataset_procesado\cerda_012\20260317_132551_071.jpg,cerda_012,11
dataset_procesado\cerda_012\20260317_132434_021.jpg,cerda_012,11
dataset_procesado\cerda_001\.trashed-1776432376-20260317_132406_003.jpg,cerda_001,0
dataset_procesado\cerda_001\.trashed-1776432376-20260317_132233_039.jpg,cerda_001,0
dataset_procesado\cerda_002\20260317_133422_031.jpg,cerda_002,1
dataset_procesado\cerda_012\20260320_134712.jpg,cerda_012,11
dataset_procesado\cerda_002\20260317_133422_024.jpg,cerda_002,1
dataset_procesado\cerda_012\.trashed-1776432375-20260317_132447_057.jpg,cerda_012,11
dataset_procesado\cerda_012\.trashed-1776432381-20260317_132439_034.jpg,cerda_012,11
dataset_procesado\cerda_012\.trashed-1776432231-20260317_132546_054.jpg,cerda_012,11
dataset_procesado\cerda_001\.trashed-1776432376-20260317_132242_021.jpg,cerda_001,0
dataset_procesado\cerda_001\.trashed-1776432377-20260317_132340_036.jpg,cerda_001,0
dataset_procesado\cerda_002\20260317_133601_007.jpg,cerda_002,1
dataset_procesado\cerda_012\IMG-20250420-WA0152.jpg,cerda_012,11
dataset_procesado\cerda_012\.trashed-1776432231-20260317_132551_027.jpg,cerda_012,11
dataset_procesado\cerda_007\20260320_141655_009.jpg,cerda_007,6
dataset_procesado\cerda_001\.trashed-1776432378-20260317_132233_031.jpg,cerda_001,0
dataset_procesado\cerda_012\20260320_135028.jpg,cerda_012,11
dataset_procesado\cerda_005\20250511_104602_028.jpg,cerda_005,4
dataset_procesado\cerda_001\.trashed-1776432375-20260317_132100_077.jpg,cerda_001,0
dataset_procesado\cerda_012\20260317_132439_031.jpg,cerda_012,11
dataset_procesado\cerda_001\20260317_132406_040.jpg,cerda_001,0
dataset_procesado\cerda_007\20260320_141625_006.jpg,cerda_007,6
dataset_procesado\cerda_010\20260320_140128.jpg,cerda_010,9
dataset_procesado\cerda_012\IMG-20250420-WA0143.jpg,cerda_012,11
dataset_procesado\cerda_012\20260317_132532_014.jpg,cerda_012,11
dataset_procesado\cerda_004\20260320_140627.jpg,cerda_004,3
dataset_procesado\cerda_012\20260317_132500_016.jpg,cerda_012,11
dataset_procesado\cerda_010\20260320_141049.jpg,cerda_010,9
dataset_procesado\cerda_002\20260317_133428_064.jpg,cerda_002,1
dataset_procesado\cerda_008\20260320_142338_020.jpg,cerda_008,7
dataset_procesado\cerda_001\20260317_133411_005.jpg,cerda_001,0
dataset_procesado\cerda_012\20260317_132511_028.jpg,cerda_012,11
dataset_procesado\cerda_012\20260317_132434_022.jpg,cerda_012,11
dataset_procesado\cerda_001\.trashed-1776432376-20260317_132406_023.jpg,cerda_001,0
dataset_procesado\cerda_012\20260317_132500_063.jpg,cerda_012,11
dataset_procesado\cerda_009\20260320_140255.jpg,cerda_009,8
dataset_procesado\cerda_008\20260320_142338_011.jpg,cerda_008,7
dataset_procesado\cerda_012\20260317_132546_019.jpg,cerda_012,11
dataset_procesado\cerda_002\20260317_133428_021.jpg,cerda_002,1
dataset_procesado\cerda_012\20260317_132500_030.jpg,cerda_012,11
dataset_procesado\cerda_002\20260317_133538_002.jpg,cerda_002,1
dataset_procesado\cerda_012\.trashed-1776432230-20260317_132500_046.jpg,cerda_012,11
dataset_procesado\cerda_001\20260317_133413_029.jpg,cerda_001,0
dataset_procesado\cerda_002\20260317_133422_003.jpg,cerda_002,1
dataset_procesado\cerda_012\20260317_132551_040.jpg,cerda_012,11
dataset_procesado\cerda_007\20260317_134123_031.jpg,cerda_007,6
dataset_procesado\cerda_012\.trashed-1776432231-20260317_132551_047.jpg,cerda_012,11
dataset_procesado\cerda_005\20250511_104618_003.jpg,cerda_005,4
dataset_procesado\cerda_012\.trashed-1776432229-20260317_132532_085.jpg,cerda_012,11
dataset_procesado\cerda_001\.trashed-1776432378-20260317_132233_035.jpg,cerda_001,0
dataset_procesado\cerda_012\.trashed-1776432229-20260317_132532_086.jpg,cerda_012,11
dataset_procesado\cerda_004\20260320_140720_002.jpg,cerda_004,3
dataset_procesado\cerda_005\20250511_104735_008.jpg,cerda_005,4
dataset_procesado\cerda_011\20260320_141336.jpg,cerda_011,10
dataset_procesado\cerda_012\20260317_132518_003.jpg,cerda_012,11
dataset_procesado\cerda_012\IMG-20250420-WA0176.jpg,cerda_012,11
dataset_procesado\cerda_004\IMG-20250420-WA0069.jpg,cerda_004,3
dataset_procesado\cerda_012\20260317_132518_012.jpg,cerda_012,11
dataset_procesado\cerda_012\.trashed-1776432231-20260317_132532_010.jpg,cerda_012,11
dataset_procesado\cerda_001\20260317_133413_013.jpg,cerda_001,0
dataset_procesado\cerda_012\20260401_111027.jpg,cerda_012,11
dataset_procesado\cerda_005\20250511_104602_038.jpg,cerda_005,4
dataset_procesado\cerda_010\20260320_141058.jpg,cerda_010,9
dataset_procesado\cerda_012\20260317_132447_044.jpg,cerda_012,11
dataset_procesado\cerda_012\20260317_132532_005.jpg,cerda_012,11
dataset_procesado\cerda_008\20260320_142306.jpg,cerda_008,7
dataset_procesado\cerda_001\20260317_132359_054.jpg,cerda_001,0
dataset_procesado\cerda_005\20250511_104613_003.jpg,cerda_005,4
dataset_procesado\cerda_001\20260320_135731_017.jpg,cerda_001,0
dataset_procesado\cerda_001\.trashed-1776432376-20260317_132242_034.jpg,cerda_001,0
dataset_procesado\cerda_007\20260317_134054.jpg,cerda_007,6
dataset_procesado\cerda_007\20260317_134146.jpg,cerda_007,6
dataset_procesado\cerda_012\20260317_132532_039.jpg,cerda_012,11
dataset_procesado\cerda_012\IMG-20250420-WA0133.jpg,cerda_012,11
dataset_procesado\cerda_001\20260317_132359_050.jpg,cerda_001,0
dataset_procesado\cerda_005\20250511_104735_029.jpg,cerda_005,4
dataset_procesado\cerda_012\20260317_132532_003.jpg,cerda_012,11
dataset_procesado\cerda_001\.trashed-1776432379-20260317_132351_044.jpg,cerda_001,0
dataset_procesado\cerda_012\.trashed-1776432377-20260317_131511.jpg,cerda_012,11
dataset_procesado\cerda_012\20260317_132511_059.jpg,cerda_012,11
dataset_procesado\cerda_002\20260317_133622_005.jpg,cerda_002,1
dataset_procesado\cerda_002\20260317_133502_010.jpg,cerda_002,1
dataset_procesado\cerda_012\20260317_132546_017.jpg,cerda_012,11
dataset_procesado\cerda_001\.trashed-1776432380-20260317_132242_009.jpg,cerda_001,0
dataset_procesado\cerda_001\20260317_132406_043.jpg,cerda_001,0
dataset_procesado\cerda_002\20260317_133458_020.jpg,cerda_002,1
dataset_procesado\cerda_007\20260320_141655_042.jpg,cerda_007,6
dataset_procesado\cerda_012\.trashed-1776432378-20260317_132434_038.jpg,cerda_012,11
dataset_procesado\cerda_012\.trashed-1776432230-20260317_132532_069.jpg,cerda_012,11
dataset_procesado\cerda_012\20260317_132532_008.jpg,cerda_012,11
dataset_procesado\cerda_001\20260401_111328.jpg,cerda_001,0
dataset_procesado\cerda_001\.trashed-1776432378-20260317_132328_027.jpg,cerda_001,0
dataset_procesado\cerda_003\20260320_141959_015.jpg,cerda_003,2
dataset_procesado\cerda_012\20260317_132500_011.jpg,cerda_012,11
dataset_procesado\cerda_012\20260317_132500_003.jpg,cerda_012,11
dataset_procesado\cerda_001\20260401_111332_008.jpg,cerda_001,0
dataset_procesado\cerda_005\20250511_104558_041.jpg,cerda_005,4
dataset_procesado\cerda_005\20250511_104602_016.jpg,cerda_005,4
dataset_procesado\cerda_012\.trashed-1776432231-20260317_132518_002.jpg,cerda_012,11
dataset_procesado\cerda_012\20260317_132518_002.jpg,cerda_012,11
dataset_procesado\cerda_001\.trashed-1776432377-20260317_132406_056.jpg,cerda_001,0
dataset_procesado\cerda_001\.trashed-1776432376-20260317_132242_091.jpg,cerda_001,0
dataset_procesado\cerda_003\20260320_142017.jpg,cerda_003,2
dataset_procesado\cerda_012\.trashed-1776432375-20260317_132434_002.jpg,cerda_012,11
dataset_procesado\cerda_012\20260317_132532_066.jpg,cerda_012,11
dataset_procesado\cerda_012\.trashed-1776432230-20260317_132500_037.jpg,cerda_012,11
dataset_procesado\cerda_012\20260317_132439_012.jpg,cerda_012,11
dataset_procesado\cerda_002\20260317_133528_005.jpg,cerda_002,1
dataset_procesado\cerda_007\20260317_134206_053.jpg,cerda_007,6
dataset_procesado\cerda_001\.trashed-1776432380-20260317_132242_035.jpg,cerda_001,0
dataset_procesado\cerda_002\20260317_133626_003.jpg,cerda_002,1
dataset_procesado\cerda_001\20260317_132406_020.jpg,cerda_001,0
dataset_procesado\cerda_012\.trashed-1776432229-20260317_132500_005.jpg,cerda_012,11
dataset_procesado\cerda_012\20260401_111041_017.jpg,cerda_012,11
dataset_procesado\cerda_012\20260401_111045.jpg,cerda_012,11
dataset_procesado\cerda_005\20250511_104613_006.jpg,cerda_005,4
dataset_procesado\cerda_012\.trashed-1776432231-20260317_132546_075.jpg,cerda_012,11
dataset_procesado\cerda_001\20260317_132359_055.jpg,cerda_001,0
dataset_procesado\cerda_001\20260320_135731_033.jpg,cerda_001,0
dataset_procesado\cerda_001\.trashed-1776432376-20260317_132242_071.jpg,cerda_001,0
dataset_procesado\cerda_001\.trashed-1776432380-20260317_132351_017.jpg,cerda_001,0
dataset_procesado\cerda_012\.trashed-1776432231-20260317_132546_056.jpg,cerda_012,11
dataset_procesado\cerda_007\20260317_134206_064.jpg,cerda_007,6
dataset_procesado\cerda_002\20260317_133528_040.jpg,cerda_002,1
dataset_procesado\cerda_012\.trashed-1776432229-20260317_132532_008.jpg,cerda_012,11
dataset_procesado\cerda_012\IMG-20250420-WA0137.jpg,cerda_012,11
dataset_procesado\cerda_001\20260401_111337_003.jpg,cerda_001,0
dataset_procesado\cerda_012\20260401_111108.jpg,cerda_012,11
dataset_procesado\cerda_001\.trashed-1776432376-20260317_132242_083.jpg,cerda_001,0
dataset_procesado\cerda_012\20260320_134930_009.jpg,cerda_012,11
dataset_procesado\cerda_002\20260317_133551.jpg,cerda_002,1
dataset_procesado\cerda_001\.trashed-1776432380-20260317_132328_067.jpg,cerda_001,0
dataset_procesado\cerda_002\20260317_133446_028.jpg,cerda_002,1
dataset_procesado\cerda_012\20260320_134916_003.jpg,cerda_012,11
dataset_procesado\cerda_007\20260317_134051.jpg,cerda_007,6
dataset_procesado\cerda_012\.trashed-1776432231-20260317_132500_040.jpg,cerda_012,11
dataset_procesado\cerda_007\20260317_134123_028.jpg,cerda_007,6
dataset_procesado\cerda_001\.trashed-1776432380-20260317_132340_089.jpg,cerda_001,0
dataset_procesado\cerda_002\20260317_133601_005.jpg,cerda_002,1
dataset_procesado\cerda_012\20260401_111041_003.jpg,cerda_012,11
dataset_procesado\cerda_001\.trashed-1776432380-20260317_132351_098.jpg,cerda_001,0
dataset_procesado\cerda_012\20260317_132500_046.jpg,cerda_012,11
dataset_procesado\cerda_001\.trashed-1776432376-20260317_132359_053.jpg,cerda_001,0
dataset_procesado\cerda_002\20260317_133428_017.jpg,cerda_002,1
dataset_procesado\cerda_001\.trashed-1776432378-20260317_131951.jpg,cerda_001,0
dataset_procesado\cerda_001\20260317_132406_001.jpg,cerda_001,0
dataset_procesado\cerda_005\20250511_104651.jpg,cerda_005,4
dataset_procesado\cerda_006\IMG-20250420-WA0017.jpg,cerda_006,5
dataset_procesado\cerda_002\20260317_133542_007.jpg,cerda_002,1
dataset_procesado\cerda_007\20260317_134123_008.jpg,cerda_007,6
dataset_procesado\cerda_012\20260317_132447_007.jpg,cerda_012,11
dataset_procesado\cerda_003\20260320_142042_004.jpg,cerda_003,2
dataset_procesado\cerda_002\20260317_133458_023.jpg,cerda_002,1
dataset_procesado\cerda_012\20260317_132532_069.jpg,cerda_012,11
dataset_procesado\cerda_012\.trashed-1776432229-20260317_132518_004.jpg,cerda_012,11
dataset_procesado\cerda_012\20260317_132546_075.jpg,cerda_012,11
dataset_procesado\cerda_010\20260320_141100.jpg,cerda_010,9
dataset_procesado\cerda_007\20260317_134206_063.jpg,cerda_007,6
dataset_procesado\cerda_012\.trashed-1776432230-20260317_132546_018.jpg,cerda_012,11
dataset_procesado\cerda_012\IMG-20250420-WA0165.jpg,cerda_012,11
dataset_procesado\cerda_002\20260317_133422_056.jpg,cerda_002,1
dataset_procesado\cerda_012\20260320_134718.jpg,cerda_012,11
dataset_procesado\cerda_012\20260317_132434_039.jpg,cerda_012,11
dataset_procesado\cerda_001\.trashed-1776432376-20260317_132100_036.jpg,cerda_001,0
dataset_procesado\cerda_001\.trashed-1776432380-20260317_132328_063.jpg,cerda_001,0
dataset_procesado\cerda_011\20260320_141250.jpg,cerda_011,10
dataset_procesado\cerda_001\.trashed-1776432376-20260317_132351_099.jpg,cerda_001,0
dataset_procesado\cerda_002\20260317_133538_010.jpg,cerda_002,1
dataset_procesado\cerda_001\20260317_133413_034.jpg,cerda_001,0
dataset_procesado\cerda_002\20260317_133422_075.jpg,cerda_002,1
dataset_procesado\cerda_012\20260401_111029_004.jpg,cerda_012,11
dataset_procesado\cerda_012\20260317_132500_069.jpg,cerda_012,11
dataset_procesado\cerda_005\20250511_104613_021.jpg,cerda_005,4
dataset_procesado\cerda_012\20260317_132447_013.jpg,cerda_012,11
dataset_procesado\cerda_007\20260317_134123_044.jpg,cerda_007,6
dataset_procesado\cerda_005\20250511_104735_014.jpg,cerda_005,4
dataset_procesado\cerda_012\20260317_132546_014.jpg,cerda_012,11
dataset_procesado\cerda_001\.trashed-1776432379-20260317_132242_024.jpg,cerda_001,0
dataset_procesado\cerda_012\.trashed-1776432231-20260317_132532_005.jpg,cerda_012,11
dataset_procesado\cerda_001\.trashed-1776432377-20260317_132328_049.jpg,cerda_001,0
dataset_procesado\cerda_012\IMG-20250420-WA0156.jpg,cerda_012,11
dataset_procesado\cerda_008\20260320_142335_003.jpg,cerda_008,7
dataset_procesado\cerda_002\20260317_133601_045.jpg,cerda_002,1
dataset_procesado\cerda_011\20260320_141309_015.jpg,cerda_011,10
dataset_procesado\cerda_012\20260317_132542_020.jpg,cerda_012,11
dataset_procesado\cerda_001\.trashed-1776432377-20260317_132351_042.jpg,cerda_001,0
dataset_procesado\cerda_001\.trashed-1776432376-20260317_132406_061.jpg,cerda_001,0
dataset_procesado\cerda_001\.trashed-1776432380-20260317_132339.jpg,cerda_001,0
dataset_procesado\cerda_012\20260317_132500_043.jpg,cerda_012,11
dataset_procesado\cerda_012\.trashed-1776432231-20260317_132546_070.jpg,cerda_012,11
dataset_procesado\cerda_012\20260317_132511_026.jpg,cerda_012,11
dataset_procesado\cerda_001\.trashed-1776432376-20260317_132100_055.jpg,cerda_001,0
dataset_procesado\cerda_002\20260317_133435_029.jpg,cerda_002,1
dataset_procesado\cerda_012\20260317_132439_027.jpg,cerda_012,11
dataset_procesado\cerda_002\20260317_133458_006.jpg,cerda_002,1
dataset_procesado\cerda_012\.trashed-1776432381-20260317_132439_041.jpg,cerda_012,11
dataset_procesado\cerda_001\.trashed-1776432375-20260317_132100_076.jpg,cerda_001,0
dataset_procesado\cerda_012\.trashed-1776432381-20260317_132511_048.jpg,cerda_012,11
dataset_procesado\cerda_009\20260320_140331.jpg,cerda_009,8
dataset_procesado\cerda_001\.trashed-1776432378-20260317_132233_024.jpg,cerda_001,0
dataset_procesado\cerda_004\20260320_140720_025.jpg,cerda_004,3
dataset_procesado\cerda_002\20260317_133446_008.jpg,cerda_002,1
dataset_procesado\cerda_001\.trashed-1776432378-20260317_131953.jpg,cerda_001,0
dataset_procesado\cerda_003\20260320_141959_025.jpg,cerda_003,2
dataset_procesado\cerda_012\.trashed-1776432231-20260317_132546_037.jpg,cerda_012,11
dataset_procesado\cerda_007\20260320_141625_004.jpg,cerda_007,6
dataset_procesado\cerda_012\.trashed-1776432230-20260317_132542_002.jpg,cerda_012,11
dataset_procesado\cerda_012\20260317_132447_012.jpg,cerda_012,11
dataset_procesado\cerda_012\.trashed-1776432228-20260317_132500_048.jpg,cerda_012,11
dataset_procesado\cerda_007\20260320_141655_010.jpg,cerda_007,6
dataset_procesado\cerda_007\20260320_141703_007.jpg,cerda_007,6
dataset_procesado\cerda_007\20260320_141703_008.jpg,cerda_007,6
dataset_procesado\cerda_002\20260317_133528_010.jpg,cerda_002,1
dataset_procesado\cerda_012\.trashed-1776432231-20260317_132546_065.jpg,cerda_012,11
dataset_procesado\cerda_012\20260317_132447_005.jpg,cerda_012,11
dataset_procesado\cerda_012\.trashed-1776432229-20260317_132518_019.jpg,cerda_012,11
dataset_procesado\cerda_001\.trashed-1776432380-20260317_132351_071.jpg,cerda_001,0
dataset_procesado\cerda_002\20260317_133528_041.jpg,cerda_002,1
dataset_procesado\cerda_004\20260320_140650.jpg,cerda_004,3
dataset_procesado\cerda_012\20260320_134930_013.jpg,cerda_012,11
dataset_procesado\cerda_012\.trashed-1776432230-20260317_132546_011.jpg,cerda_012,11
dataset_procesado\cerda_005\20250511_104653.jpg,cerda_005,4
dataset_procesado\cerda_002\20260317_133435_030.jpg,cerda_002,1
dataset_procesado\cerda_007\20260320_141611.jpg,cerda_007,6
dataset_procesado\cerda_012\.trashed-1776432228-20260317_132542_024.jpg,cerda_012,11
dataset_procesado\cerda_012\.trashed-1776432229-20260317_132542_005.jpg,cerda_012,11
dataset_procesado\cerda_012\20260317_132518_018.jpg,cerda_012,11
dataset_procesado\cerda_003\20260320_141959_045.jpg,cerda_003,2
dataset_procesado\cerda_001\.trashed-1776432378-20260317_132100_002.jpg,cerda_001,0
dataset_procesado\cerda_012\20260317_132500_018.jpg,cerda_012,11
dataset_procesado\cerda_001\.trashed-1776432375-20260317_132233_009.jpg,cerda_001,0
dataset_procesado\cerda_012\.trashed-1776432378-20260317_132434_033.jpg,cerda_012,11
dataset_procesado\cerda_012\.trashed-1776432229-20260317_132500_056.jpg,cerda_012,11
dataset_procesado\cerda_002\20260317_133428_001.jpg,cerda_002,1
dataset_procesado\cerda_006\IMG-20250420-WA0028.jpg,cerda_006,5
dataset_procesado\cerda_012\20260320_142837.jpg,cerda_012,11
dataset_procesado\cerda_012\.trashed-1776432378-20260317_132439_029.jpg,cerda_012,11
dataset_procesado\cerda_001\.trashed-1776432380-20260317_132359_026.jpg,cerda_001,0
dataset_procesado\cerda_001\.trashed-1776432380-20260317_132340_063.jpg,cerda_001,0
dataset_procesado\cerda_012\20260317_132511_053.jpg,cerda_012,11
dataset_procesado\cerda_010\20260320_140115.jpg,cerda_010,9
dataset_procesado\cerda_003\20260320_141959_004.jpg,cerda_003,2
dataset_procesado\cerda_005\20250511_104735_049.jpg,cerda_005,4
dataset_procesado\cerda_001\.trashed-1776432376-20260317_132328_007.jpg,cerda_001,0
dataset_procesado\cerda_002\20260317_133601_018.jpg,cerda_002,1
dataset_procesado\cerda_012\20260317_132434_018.jpg,cerda_012,11
dataset_procesado\cerda_002\20260317_133622_001.jpg,cerda_002,1
dataset_procesado\cerda_007\20260317_134035.jpg,cerda_007,6
dataset_procesado\cerda_012\20260401_111041_020.jpg,cerda_012,11
dataset_procesado\cerda_012\20260317_132551_041.jpg,cerda_012,11
dataset_procesado\cerda_003\20260320_142042_003.jpg,cerda_003,2
dataset_procesado\cerda_012\20260317_132546_049.jpg,cerda_012,11
dataset_procesado\cerda_007\20260317_134123_025.jpg,cerda_007,6
dataset_procesado\cerda_009\20260320_140311.jpg,cerda_009,8
dataset_procesado\cerda_001\20260317_132406_021.jpg,cerda_001,0
dataset_procesado\cerda_012\.trashed-1776432231-20260317_132546_072.jpg,cerda_012,11
dataset_procesado\cerda_002\20260317_133528_019.jpg,cerda_002,1
dataset_procesado\cerda_012\.trashed-1776432231-20260317_132551_002.jpg,cerda_012,11
dataset_procesado\cerda_001\.trashed-1776432376-20260317_132328_008.jpg,cerda_001,0
dataset_procesado\cerda_001\.trashed-1776432380-20260317_132328_062.jpg,cerda_001,0
dataset_procesado\cerda_001\20260317_133413_002.jpg,cerda_001,0
dataset_procesado\cerda_001\.trashed-1776432378-20260317_132100_001.jpg,cerda_001,0
dataset_procesado\cerda_012\20260320_134930_031.jpg,cerda_012,11
dataset_procesado\cerda_001\.trashed-1776432380-20260317_132242_026.jpg,cerda_001,0
dataset_procesado\cerda_012\.trashed-1776432231-20260317_132551_001.jpg,cerda_012,11
dataset_procesado\cerda_012\.trashed-1776432378-20260317_132434_056.jpg,cerda_012,11
dataset_procesado\cerda_012\20260317_132546_040.jpg,cerda_012,11
dataset_procesado\cerda_012\.trashed-1776432231-20260317_132551_050.jpg,cerda_012,11
dataset_procesado\cerda_002\20260317_133428_041.jpg,cerda_002,1
dataset_procesado\cerda_001\20260320_135749.jpg,cerda_001,0
dataset_procesado\cerda_001\.trashed-1776432376-20260317_132323_003.jpg,cerda_001,0
dataset_procesado\cerda_007\20260317_134123_007.jpg,cerda_007,6
dataset_procesado\cerda_011\20260320_141309_007.jpg,cerda_011,10
dataset_procesado\cerda_012\20260317_132434_034.jpg,cerda_012,11
dataset_procesado\cerda_002\20260317_133528_015.jpg,cerda_002,1
dataset_procesado\cerda_005\20250511_104602_003.jpg,cerda_005,4
dataset_procesado\cerda_012\.trashed-1776432377-20260317_131418.jpg,cerda_012,11
dataset_procesado\cerda_002\20260317_133538_023.jpg,cerda_002,1
dataset_procesado\cerda_012\.trashed-1776432231-20260317_132551_007.jpg,cerda_012,11
dataset_procesado\cerda_001\.trashed-1776432377-20260317_132340_080.jpg,cerda_001,0
dataset_procesado\cerda_001\.trashed-1776432376-20260317_132351_061.jpg,cerda_001,0
dataset_procesado\cerda_001\.trashed-1776432375-20260317_132100_072.jpg,cerda_001,0
dataset_procesado\cerda_012\.trashed-1776432375-20260317_132511_034.jpg,cerda_012,11
dataset_procesado\cerda_003\20260317_133856.jpg,cerda_003,2
dataset_procesado\cerda_007\20260317_134133.jpg,cerda_007,6
dataset_procesado\cerda_012\20260317_132447_028.jpg,cerda_012,11
dataset_procesado\cerda_001\20260320_135731_012.jpg,cerda_001,0
dataset_procesado\cerda_012\.trashed-1776432378-20260317_132439_022.jpg,cerda_012,11
dataset_procesado\cerda_012\20260317_132546_043.jpg,cerda_012,11
dataset_procesado\cerda_012\20260317_132511_018.jpg,cerda_012,11
dataset_procesado\cerda_012\20260317_132434_060.jpg,cerda_012,11
dataset_procesado\cerda_001\20260317_132406_045.jpg,cerda_001,0
dataset_procesado\cerda_012\.trashed-1776432378-20260317_132447_016.jpg,cerda_012,11
dataset_procesado\cerda_012\.trashed-1776432228-20260317_132542_019.jpg,cerda_012,11
dataset_procesado\cerda_002\20260317_133542_009.jpg,cerda_002,1
dataset_procesado\cerda_002\20260317_133422_046.jpg,cerda_002,1
dataset_procesado\cerda_003\20260320_142032_001.jpg,cerda_003,2
dataset_procesado\cerda_012\.trashed-1776432377-20260317_131528.jpg,cerda_012,11
dataset_procesado\cerda_001\.trashed-1776432375-20260317_132100_058.jpg,cerda_001,0
dataset_procesado\cerda_012\20260317_132532_029.jpg,cerda_012,11
dataset_procesado\cerda_012\20260317_132551_022.jpg,cerda_012,11
dataset_procesado\cerda_012\20260317_132447_004.jpg,cerda_012,11
dataset_procesado\cerda_004\IMG-20250420-WA0072.jpg,cerda_004,3
dataset_procesado\cerda_001\20260317_132406_027.jpg,cerda_001,0
dataset_procesado\cerda_012\.trashed-1776432377-20260317_132434_060.jpg,cerda_012,11
dataset_procesado\cerda_003\20260320_141959_029.jpg,cerda_003,2
dataset_procesado\cerda_001\.trashed-1776432377-20260317_132359_042.jpg,cerda_001,0
dataset_procesado\cerda_005\20250511_104558_034.jpg,cerda_005,4
dataset_procesado\cerda_012\.trashed-1776432228-20260317_132500_023.jpg,cerda_012,11
dataset_procesado\cerda_012\.trashed-1776432377-20260317_131421.jpg,cerda_012,11
dataset_procesado\cerda_002\20260317_133446_011.jpg,cerda_002,1
dataset_procesado\cerda_001\.trashed-1776432375-20260317_132233_025.jpg,cerda_001,0
dataset_procesado\cerda_003\20260320_142029_012.jpg,cerda_003,2
